title,url,game_name,site,time_range,timestamp
Home by Melent22011(@AlphaSociety) /Scratch ... - Cocrea,https://cocrea.world/@AlphaSociety,Home by Melent22011(@AlphaSociety) /Scratch ... - Cocrea,https://cocrea.world/,1w,2024-10-30 12:56:22
moonproject by @Tsuwuki /Scratch project hosted on Cocrea.,https://cocrea.world/@Tsuwuki/moonproject,moonproject by @Tsuwuki /Scratch project hosted on Cocrea.,https://cocrea.world/,1w,2024-10-30 12:56:22
Incredibox - Warm Like Fire... by harrymations3000 ... - Cocrea,https://cocrea.world/@HarrysHorribleHumor/incrediboxwarmlikefire,Incredibox - Warm Like Fire... by harrymations3000 ... - Cocrea,https://cocrea.world/,1w,2024-10-30 12:56:22
Home by NyankoBfLol(@NyankoBfLmao) /Scratch ... - Cocrea,https://cocrea.world/@NyankoBfLmao,Home by NyankoBfLol(@NyankoBfLmao) /Scratch ... - Cocrea,https://cocrea.world/,1w,2024-10-30 12:56:22
Sprunki by Xaviepros(@xavierurenaalumno) /Scratch project ...,https://cocrea.world/@xavierurenaalumno/Incredibox-Sprunki,Sprunki by Xaviepros(@xavierurenaalumno) /Scratch project ...,https://cocrea.world/,1w,2024-10-30 12:56:22
Incredibox - Sprunki Phase 4 (fan made) by Cary Wellson ...,https://cocrea.world/@CaryWellson/Incredibox-SprunkiPhase3Archive,Incredibox - Sprunki Phase 4 (fan made) by Cary Wellson ...,https://cocrea.world/,1w,2024-10-30 12:56:22
RED ICE all polos & lore - Cocrea,https://cocrea.world/@EricEpicGamer445/REDICEallpoloslore,RED ICE all polos & lore - Cocrea,https://cocrea.world/,1w,2024-10-30 12:56:22
Incredibox Fazbear's Project 1 - Alex Sans - Cocrea,https://cocrea.world/@AlexSans/Incredibox_FazbearsProjectV1,Incredibox Fazbear's Project 1 - Alex Sans - Cocrea,https://cocrea.world/,1w,2024-10-30 12:56:22
Can someone vectorize Sharacas? - Kaleb Fakir AUTTP,https://cocrea.world/@KalebFakirAUTTP/CansomeonevectorizeSharacas,Can someone vectorize Sharacas? - Kaleb Fakir AUTTP,https://cocrea.world/,1w,2024-10-30 12:56:22
Ozzybox EXTRAS v2: Terrors by Eggfinite ... - Cocrea,https://cocrea.world/@eggfinite1567/terrors,Ozzybox EXTRAS v2: Terrors by Eggfinite ... - Cocrea,https://cocrea.world/,1w,2024-10-30 12:56:22
RiffBloxApp - Chad Sullivan - Cocrea,https://cocrea.world/@ChadSullivan/RiffBloxApp,RiffBloxApp - Chad Sullivan - Cocrea,https://cocrea.world/,1w,2024-10-30 12:56:22
Sprunked (reupload) - draker - Cocrea,https://cocrea.world/@nonnie0474/Sprunkedreupload,Sprunked (reupload) - draker - Cocrea,https://cocrea.world/,1w,2024-10-30 12:56:22
The Lost File by @Chalakorn /Scratch project hosted on Cocrea.,https://cocrea.world/@Chalakorn/IncrediboxSprunki_TheLostFile,The Lost File by @Chalakorn /Scratch project hosted on Cocrea.,https://cocrea.world/,1w,2024-10-30 12:56:22
Normal Sprunki Copy by CamJH(@camiscool201) /Scratch ...,https://cocrea.world/@camiscool201/NormalSprunkiCopy,Normal Sprunki Copy by CamJH(@camiscool201) /Scratch ...,https://cocrea.world/,1w,2024-10-30 12:56:22
Sprunki + Mario and Weegee by @Yeetman /Scratch ... - Cocrea,https://cocrea.world/@Yeetman/SprunkiMarioWeegee,Sprunki + Mario and Weegee by @Yeetman /Scratch ... - Cocrea,https://cocrea.world/,1w,2024-10-30 12:56:22
SubterWenda by @MomazosFilibuster /Scratch project hosted ...,https://cocrea.world/@MomazosFilibuster/SubterWenda,SubterWenda by @MomazosFilibuster /Scratch project hosted ...,https://cocrea.world/,1w,2024-10-30 12:56:22
Incredibox - Sprunki Phase 3 Archive by Trystan ... - Cocrea,https://cocrea.world/@TrystanKyllo/Incredibox-SprunkiPhase3Archive,Incredibox - Sprunki Phase 3 Archive by Trystan ... - Cocrea,https://cocrea.world/,1w,2024-10-30 12:56:22
Incredibox - Sprunki by @mondaymuncher /Scratch ... - Cocrea,https://cocrea.world/@mondaymuncher/Incredibox-Sprunki,Incredibox - Sprunki by @mondaymuncher /Scratch ... - Cocrea,https://cocrea.world/,1w,2024-10-30 12:56:22
Incredibox - Sprunki but humans by Ruby Molina ... - Cocrea,https://cocrea.world/@RubyMolina/Incredibox-Sprunki-but-humans,Incredibox - Sprunki but humans by Ruby Molina ... - Cocrea,https://cocrea.world/,1w,2024-10-30 12:56:22
Incredibox - Sprunki endless (1) by GAMERJAKE ... - Cocrea,https://cocrea.world/@SilasCole/Incredibox-Sprunkiendless1,Incredibox - Sprunki endless (1) by GAMERJAKE ... - Cocrea,https://cocrea.world/,1w,2024-10-30 12:56:22
Incredibox - Banana by Yeah2345wesley ... - Cocrea,https://cocrea.world/@Randallbobbie07/Incredibox-Banana,Incredibox - Banana by Yeah2345wesley ... - Cocrea,https://cocrea.world/,1w,2024-10-30 12:56:22
Colorbox - Mustard [parody mod] by Daryl Animates ... - Cocrea,https://cocrea.world/@DarylAnimates14/Colorbox-Mustardparodymod,parody mod,https://cocrea.world/,1w,2024-10-30 12:56:22
Incredibox - Sprunki Phase 3 Archive by Rose ann reyes Cruz ...,https://cocrea.world/@RoseannreyesCruz/Incredibox-SprunkiPhase3Archive5,Incredibox - Sprunki Phase 3 Archive by Rose ann reyes Cruz ...,https://cocrea.world/,1w,2024-10-30 12:56:22
Incredibox - Sprunki reupload by The cool cat ... - Cocrea,https://www.cocrea.world/@CoolKitty/Incredibox-Sprunkireupload,Incredibox - Sprunki reupload by The cool cat ... - Cocrea,https://cocrea.world/,1w,2024-10-30 12:56:22
We use cookies - Cocrea,https://cocrea.world/embed/1766958071426367489?type=player&showCreator=false&showOperating=false,We use cookies - Cocrea,https://cocrea.world/,1w,2024-10-30 12:56:22
We use cookies - Cocrea,https://cocrea.world/embed/1787980406644064258?type=player&showCreator=true&showOperating=true,We use cookies - Cocrea,https://cocrea.world/,1w,2024-10-30 12:56:22
We use cookies - Cocrea,https://cocrea.world/embed/1832536931936813057?type=player&showCreator=true&showOperating=false,We use cookies - Cocrea,https://cocrea.world/,1w,2024-10-30 12:56:22
We use cookies - Cocrea,https://cocrea.world/embed/1846818757407772674?type=player&showCreator=false&showOperating=false,We use cookies - Cocrea,https://cocrea.world/,1w,2024-10-30 12:56:22
Incredibox - Project: Sight - Cocrea,https://cocrea.world/embed/1802384329807020034?type=player&showCreator=true&showOperating=true&mp_game_id=251084&mp_game_uid=incredibox-project-sight&mp_game_url=https%3A%2F%2Fwww.grymini.pl%2Fgra%2Fincredibox-project-sight%2Fgraj&mp_int=1&mp_locale=pl_PL&mp_mobile=1&mp_player_type=IFRAME&mp_site_name=grymini.pl&mp_site_url=https%3A%2F%2Fwww.grymini.pl%2F&mp_timezone=Europe%2FMadrid,Incredibox - Project: Sight - Cocrea,https://cocrea.world/,1w,2024-10-30 12:56:22
Incredibox - Project: Sight - Cocrea,https://cocrea.world/embed/1802384329807020034?type=player&showCreator=true&showOperating=true&mp_game_id=251084&mp_game_uid=incredibox-project-sight&mp_game_url=https%3A%2F%2Fwww.miniplay.com%2Fgame%2Fincredibox-project-sight%2Fplay&mp_int=1&mp_locale=en_US&mp_mobile=1&mp_player_type=IFRAME&mp_site_name=miniplay.com&mp_site_url=https%3A%2F%2Fwww.miniplay.com%2F&mp_timezone=Europe%2FMadrid,Incredibox - Project: Sight - Cocrea,https://cocrea.world/,1w,2024-10-30 12:56:22
sv368vnguru,https://www.kongregate.com/accounts/sv368vnguru,sv368vnguru,https://www.kongregate.com/,1w,2024-10-30 12:56:31
vz99city24,https://www.kongregate.com/accounts/vz99city24,vz99city24,https://www.kongregate.com/,1w,2024-10-30 12:56:31
vtasknet,https://www.kongregate.com/accounts/vtasknet,vtasknet,https://www.kongregate.com/,1w,2024-10-30 12:56:31
bearseoservice's profile on Kongregate,https://www.kongregate.com/accounts/bearseoservice,bearseoservice's profile on Kongregate,https://www.kongregate.com/,1w,2024-10-30 12:56:31
yo88ltda,https://www.kongregate.com/accounts/yo88ltda,yo88ltda,https://www.kongregate.com/,1w,2024-10-30 12:56:31
bworkee,https://www.kongregate.com/accounts/bworkee,bworkee,https://www.kongregate.com/,1w,2024-10-30 12:56:31
debetgay,https://www.kongregate.com/accounts/debetgay,debetgay,https://www.kongregate.com/,1w,2024-10-30 12:56:31
78winbets' profile on Kongregate,https://www.kongregate.com/accounts/78winbets,78winbets' profile on Kongregate,https://www.kongregate.com/,1w,2024-10-30 12:56:31
yourhollywood's profile on Kongregate,https://www.kongregate.com/accounts/yourhollywood,yourhollywood's profile on Kongregate,https://www.kongregate.com/,1w,2024-10-30 12:56:31
daga88ski,https://www.kongregate.com/accounts/daga88ski,daga88ski,https://www.kongregate.com/,1w,2024-10-30 12:56:31
sumwin99com,https://www.kongregate.com/accounts/sumwin99com,sumwin99com,https://www.kongregate.com/,1w,2024-10-30 12:56:31
69vnday,https://www.kongregate.com/accounts/69vnday,69vnday,https://www.kongregate.com/,1w,2024-10-30 12:56:31
quochuyvantai,https://www.kongregate.com/accounts/quochuyvantai,quochuyvantai,https://www.kongregate.com/,1w,2024-10-30 12:56:31
8dayz,https://www.kongregate.com/accounts/8dayz,8dayz,https://www.kongregate.com/,1w,2024-10-30 12:56:31
hitclubvnbiz,https://www.kongregate.com/accounts/hitclubvnbiz,hitclubvnbiz,https://www.kongregate.com/,1w,2024-10-30 12:56:31
studykai's profile on Kongregate,https://www.kongregate.com/accounts/studykai,studykai's profile on Kongregate,https://www.kongregate.com/,1w,2024-10-30 12:56:31
ae888fishcom,https://www.kongregate.com/accounts/ae888fishcom,ae888fishcom,https://www.kongregate.com/,1w,2024-10-30 12:56:31
midhciorg,https://www.kongregate.com/accounts/midhciorg,midhciorg,https://www.kongregate.com/,1w,2024-10-30 12:56:31
freeapostascom,https://www.kongregate.com/accounts/freeapostascom,freeapostascom,https://www.kongregate.com/,1w,2024-10-30 12:56:31
gk88betlive,https://www.kongregate.com/accounts/gk88betlive,gk88betlive,https://www.kongregate.com/,1w,2024-10-30 12:56:31
king52co,https://www.kongregate.com/accounts/king52co,king52co,https://www.kongregate.com/,1w,2024-10-30 12:56:31
vigorjp,https://www.kongregate.com/accounts/vigorjp,vigorjp,https://www.kongregate.com/,1w,2024-10-30 12:56:31
may88reisen,https://www.kongregate.com/accounts/may88reisen,may88reisen,https://www.kongregate.com/,1w,2024-10-30 12:56:31
sv66vipart,https://www.kongregate.com/accounts/sv66vipart,sv66vipart,https://www.kongregate.com/,1w,2024-10-30 12:56:31
abc8fit1,https://www.kongregate.com/accounts/abc8fit1,abc8fit1,https://www.kongregate.com/,1w,2024-10-30 12:56:31
huyentepdebet,https://www.kongregate.com/accounts/huyentepdebet,huyentepdebet,https://www.kongregate.com/,1w,2024-10-30 12:56:31
russeckcom,https://www.kongregate.com/accounts/russeckcom,russeckcom,https://www.kongregate.com/,1w,2024-10-30 12:56:31
todaybetnetph's profile on Kongregate,https://www.kongregate.com/accounts/todaybetnetph,todaybetnetph's profile on Kongregate,https://www.kongregate.com/,1w,2024-10-30 12:56:31
8livenavy,https://www.kongregate.com/accounts/8livenavy,8livenavy,https://www.kongregate.com/,1w,2024-10-30 12:56:31
emxinh24h's profile on Kongregate,https://www.kongregate.com/accounts/emxinh24h,emxinh24h's profile on Kongregate,https://www.kongregate.com/,1w,2024-10-30 12:56:31
Play games by mneng7 on Kongregate!,https://www.kongregate.com/games/mneng7,Play games by mneng7 on Kongregate!,https://www.kongregate.com/,1w,2024-10-30 12:56:31
Introducing Kongpanions!,https://www.kongregate.com/kongpanions,Introducing Kongpanions!,https://www.kongregate.com/,1w,2024-10-30 12:56:31
Comments for Oceania,https://www.kongregate.com/games/draugiemlauris/oceania/comments,Comments for Oceania,https://www.kongregate.com/,1w,2024-10-30 12:56:31
Comments for Konkr.io,https://www.kongregate.com/games/Embair/konkr-io/comments/,Comments for Konkr.io,https://www.kongregate.com/,1w,2024-10-30 12:56:31
Comments for Holyday City Reloaded,https://www.kongregate.com/games/holydaystudios/holyday-city-reloaded/comments,Comments for Holyday City Reloaded,https://www.kongregate.com/,1w,2024-10-30 12:56:31
Discover and Play Free Online Games on Kongregate!,https://www.kongregate.com/search?q=%E4%B8%8A%E6%B5%B7%E6%99%AE%E9%99%80%E5%8C%BA%E5%93%81%E8%8C%B6%E6%B5%B7%E9%80%89%E5%9C%BA%E5%AD%90%EF%BC%88%E5%93%81%E8%8C%B6%E5%B7%A5%E4%BD%9C%E5%AE%A4%EF%BC%89--%E5%A8%81%E4%BF%A1(aspa887)%E7%94%B5%E6%8A%A5TG@kb0164%20%E5%88%B0%E5%BA%97%E6%B6%88%E8%B4%B9%EF%BC%8C%E4%BA%8B%E5%90%8E%E4%BB%98%E6%AC%BE.%E6%97%A0%E5%AE%9A%E9%87%91.%E5%B0%8F%E5%A7%90.%E5%B0%8F%E5%A6%B9.%E5%A6%B9%E5%AD%90.%E5%B0%91%E5%A6%87%E7%A9%BA%E5%A7%90.%E4%B8%BB%E6%92%AD.%E5%AD%A6%E7%94%9F.%E7%99%BD%E9%A2%8654691,Discover and Play Free Online Games on Kongregate!,https://www.kongregate.com/,1w,2024-10-30 12:56:31
Neo Pronouns - Armor Games Community,https://armorgames.com/community/thread/12687007/neo-pronouns,Neo Pronouns - Armor Games Community,https://armorgames.com/,1w,2024-10-30 12:56:38
Bomb Pirates - Play on Armor Games,https://armorgames.com/bomb-pirates-game/19504?fp=ng,Bomb Pirates - Play on Armor Games,https://armorgames.com/,1w,2024-10-30 12:56:38
Flagging Koala - A Dungeon Adventure,https://armorgames.com/flag/19512,Flagging Koala - A Dungeon Adventure,https://armorgames.com/,1w,2024-10-30 12:56:38
Koala - A Dungeon Adventure - Play on Armor Games,https://armorgames.com/koala-a-dungeon-adventure-game/19512?fp=ng,Koala - A Dungeon Adventure - Play on Armor Games,https://armorgames.com/,1w,2024-10-30 12:56:38
Koala - A Dungeon Adventure - Play on Armor Games,https://armorgames.com/koala-a-dungeon-adventure-game/19512?tag-referral=html,Koala - A Dungeon Adventure - Play on Armor Games,https://armorgames.com/,1w,2024-10-30 12:56:38
Koala - A Dungeon Adventure - Play on Armor Games,https://armorgames.com/koala-a-dungeon-adventure-game/19512?tag-referral=shooting,Koala - A Dungeon Adventure - Play on Armor Games,https://armorgames.com/,1w,2024-10-30 12:56:38
Dreader,https://www.addictinggames.com/puzzle/dreader,Dreader,https://www.addictinggames.com/,1w,2024-10-30 12:56:43
78 Hour Rain,https://www.addictinggames.com/strategy/78-hour-rain,78 Hour Rain,https://www.addictinggames.com/,1w,2024-10-30 12:56:43
Stunning Cats | 立即观看,https://zh.y8.com/animation/stunning_cats,Stunning Cats | 立即观看,https://zh.y8.com/,1w,2024-10-30 12:56:54
Creative Water Lifehack | 立即观看,https://zh.y8.com/animation/creative_water_lifehack,Creative Water Lifehack | 立即观看,https://zh.y8.com/,1w,2024-10-30 12:56:54
Exhibiting Forgiveness Trailer | 立即观看,https://zh.y8.com/animation/exhibiting_forgiveness_trailer,Exhibiting Forgiveness Trailer | 立即观看,https://zh.y8.com/,1w,2024-10-30 12:56:54
Amazing Watermelon Cutting Skill | 立即观看,https://zh.y8.com/animation/amazing_watermelon_cutting_skill,Amazing Watermelon Cutting Skill | 立即观看,https://zh.y8.com/,1w,2024-10-30 12:56:54
Amazing Video | 立即观看,https://zh.y8.com/animation/amazing_video,Amazing Video | 立即观看,https://zh.y8.com/,1w,2024-10-30 12:56:54
The Best Christmas Pageant Ever Official Trailer 2 | 立即观看,https://zh.y8.com/animation/the_best_christmas_pageant_ever_official_trailer_2,The Best Christmas Pageant Ever Official Trailer 2 | 立即观看,https://zh.y8.com/,1w,2024-10-30 12:56:54
Hilarious Kid and His Toy | 立即观看,https://zh.y8.com/animation/hilarious_kid_and_his_toy,Hilarious Kid and His Toy | 立即观看,https://zh.y8.com/,1w,2024-10-30 12:56:54
Notice to Quit Official Trailer | 立即观看,https://zh.y8.com/animation/notice_to_quit_official_trailer,Notice to Quit Official Trailer | 立即观看,https://zh.y8.com/,1w,2024-10-30 12:56:54
The Radleys International Trailer | 立即观看,https://zh.y8.com/animation/the_radleys_international_trailer,The Radleys International Trailer | 立即观看,https://zh.y8.com/,1w,2024-10-30 12:56:54
Adorable Baby Cats | 立即观看,https://zh.y8.com/animation/adorable_baby_cats,Adorable Baby Cats | 立即观看,https://zh.y8.com/,1w,2024-10-30 12:56:54
Sinners Official Trailer | 立即观看,https://zh.y8.com/animation/sinners_official_trailer,Sinners Official Trailer | 立即观看,https://zh.y8.com/,1w,2024-10-30 12:56:54
Come Fight Me | 立即免费在线游戏,https://zh.y8.com/games/come_fight_me,Come Fight Me | 立即免费在线游戏,https://zh.y8.com/,1w,2024-10-30 12:56:54
Baby Cathy Ep41: Making Halloween | 立即免费在线游戏,https://zh.y8.com/games/baby_cathy_ep41_making_halloween,Baby Cathy Ep41: Making Halloween | 立即免费在线游戏,https://zh.y8.com/,1w,2024-10-30 12:56:54
Mouse Mouse | 立即免费在线游戏,https://zh.y8.com/games/mouse_mouse,Mouse Mouse | 立即免费在线游戏,https://zh.y8.com/,1w,2024-10-30 12:56:54
Steve SurvivalCraft Easy | 立即免费在线游戏,https://zh.y8.com/games/steve_survivalcraft_easy,Steve SurvivalCraft Easy | 立即免费在线游戏,https://zh.y8.com/,1w,2024-10-30 12:56:54
Trick or Spot | 立即免费在线游戏,https://zh.y8.com/games/trick_or_spot,Trick or Spot | 立即免费在线游戏,https://zh.y8.com/,1w,2024-10-30 12:56:54
Layer Man 3D: Run & Collect | 立即免费在线游戏,https://zh.y8.com/games/layer_man_3d_run_collect,Layer Man 3D: Run & Collect | 立即免费在线游戏,https://zh.y8.com/,1w,2024-10-30 12:56:54
Tap Tap Boom! | 立即免费在线游戏,https://zh.y8.com/games/tap_tap_boom_,Tap Tap Boom! | 立即免费在线游戏,https://zh.y8.com/,1w,2024-10-30 12:56:54
Knife and Jems | 立即免费在线游戏,https://zh.y8.com/games/knife_and_jems,Knife and Jems | 立即免费在线游戏,https://zh.y8.com/,1w,2024-10-30 12:56:54
Warping Bat | 立即免费在线游戏,https://zh.y8.com/games/warping_bat,Warping Bat | 立即免费在线游戏,https://zh.y8.com/,1w,2024-10-30 12:56:54
The World of Mystery Room | 立即免费在线游戏,https://zh.y8.com/games/the_world_of_mystery_room,The World of Mystery Room | 立即免费在线游戏,https://zh.y8.com/,1w,2024-10-30 12:56:54
Ant Smasher | 立即免费在线游戏,https://zh.y8.com/games/ant_smasher,Ant Smasher | 立即免费在线游戏,https://zh.y8.com/,1w,2024-10-30 12:56:54
Halloween Challenge | 立即免费在线游戏,https://zh.y8.com/games/halloween_challenge,Halloween Challenge | 立即免费在线游戏,https://zh.y8.com/,1w,2024-10-30 12:56:54
NoobHood HalloweenCraft | 立即免费在线游戏,https://zh.y8.com/games/noobhood_halloweencraft,NoobHood HalloweenCraft | 立即免费在线游戏,https://zh.y8.com/,1w,2024-10-30 12:56:54
Pumpking vs Mummy | 立即免费在线游戏,https://zh.y8.com/games/pumpking_vs_mummy,Pumpking vs Mummy | 立即免费在线游戏,https://zh.y8.com/,1w,2024-10-30 12:56:54
Bubble Wheel Halloween | 立即免费在线游戏,https://zh.y8.com/games/bubble_wheel_halloween,Bubble Wheel Halloween | 立即免费在线游戏,https://zh.y8.com/,1w,2024-10-30 12:56:54
Mob Control Shoot | 立即免费在线游戏,https://zh.y8.com/games/mob_control_shoot,Mob Control Shoot | 立即免费在线游戏,https://zh.y8.com/,1w,2024-10-30 12:56:54
Space Shift | 立即免费在线游戏,https://zh.y8.com/games/space_shift,Space Shift | 立即免费在线游戏,https://zh.y8.com/,1w,2024-10-30 12:56:54
Bouncy Fig | 立即免费在线游戏,https://zh.y8.com/games/bouncy_fig,Bouncy Fig | 立即免费在线游戏,https://zh.y8.com/,1w,2024-10-30 12:56:54
Ozzybox Terrors: Incredibox with Horror Characters,https://zh.y8.com/games/ozzybox_terrors_incredibox_with_horror_characters,Ozzybox Terrors: Incredibox with Horror Characters,https://zh.y8.com/,1w,2024-10-30 12:56:54
Cute Sheep SkyBlock | 立即免费在线游戏,https://zh.y8.com/games/cute_sheep_skyblock,Cute Sheep SkyBlock | 立即免费在线游戏,https://zh.y8.com/,1w,2024-10-30 12:56:54
Broomcraft Mystic Evasion | 立即免费在线游戏,https://zh.y8.com/games/broomcraft_mystic_evasion,Broomcraft Mystic Evasion | 立即免费在线游戏,https://zh.y8.com/,1w,2024-10-30 12:56:54
Clumsy Rabbo 工作室游戏： 玩免费在线游戏,https://zh.y8.com/studios/clumsy-rabbo,Clumsy Rabbo 工作室游戏： 玩免费在线游戏,https://zh.y8.com/,1w,2024-10-30 12:56:54
Fly Troll Studio 工作室游戏： 玩免费在线游戏,https://zh.y8.com/studios/fly-troll-studio,Fly Troll Studio 工作室游戏： 玩免费在线游戏,https://zh.y8.com/,1w,2024-10-30 12:56:54
在线玩刺激的动作冒险游戏🎬 - 67页,https://zh.y8.com/ga/categories/action_adventure?page=67,在线玩刺激的动作冒险游戏🎬 - 67页,https://zh.y8.com/,1w,2024-10-30 12:56:54
Everything To Know About Godzilla,https://www.fandom.com/universe/godzilla,Everything To Know About Godzilla,https://www.fandom.com/,1w,2024-10-30 12:57:03
Everything To Know About Sonic,https://www.fandom.com/universe/sonic,Everything To Know About Sonic,https://www.fandom.com/,1w,2024-10-30 12:57:03
"FanCentral's Horror Movies, Games, TV, and Anime",https://www.fandom.com/fancentral/horror,"FanCentral's Horror Movies, Games, TV, and Anime",https://www.fandom.com/,1w,2024-10-30 12:57:03
Everything To Know About Pokemon,https://www.fandom.com/universe/pokemon,Everything To Know About Pokemon,https://www.fandom.com/,1w,2024-10-30 12:57:03
Everything To Know About SpongeBob,https://www.fandom.com/universe/spongebob,Everything To Know About SpongeBob,https://www.fandom.com/,1w,2024-10-30 12:57:03
Everything To Know About Marvel,https://www.fandom.com/universe/marvel,Everything To Know About Marvel,https://www.fandom.com/,1w,2024-10-30 12:57:03
Everything To Know About Fallout,https://www.fandom.com/universe/fallout,Everything To Know About Fallout,https://www.fandom.com/,1w,2024-10-30 12:57:03
Everything To Know About Amphibia,https://www.fandom.com/universe/amphibia,Everything To Know About Amphibia,https://www.fandom.com/,1w,2024-10-30 12:57:03
Everything To Know About Supernatural,https://www.fandom.com/universe/supernatural,Everything To Know About Supernatural,https://www.fandom.com/,1w,2024-10-30 12:57:03
Everything To Know About Shadowhunters,https://www.fandom.com/universe/shadowhunters,Everything To Know About Shadowhunters,https://www.fandom.com/,1w,2024-10-30 12:57:03
Our Venom Predictions,https://www.fandom.com/video/nOsAmVr2/our-venom-predictions,Our Venom Predictions,https://www.fandom.com/,1w,2024-10-30 12:57:03
Everything To Know About Genshin Impact,https://www.fandom.com/universe/genshin-impact,Everything To Know About Genshin Impact,https://www.fandom.com/,1w,2024-10-30 12:57:03
Everything To Know About The Boys,https://www.fandom.com/universe/the-boys,Everything To Know About The Boys,https://www.fandom.com/,1w,2024-10-30 12:57:03
Everything To Know About Stranger Things,https://www.fandom.com/universe/stranger-things,Everything To Know About Stranger Things,https://www.fandom.com/,1w,2024-10-30 12:57:03
Everything To Know About One Piece,https://www.fandom.com/universe/one-piece,Everything To Know About One Piece,https://www.fandom.com/,1w,2024-10-30 12:57:03
Everything To Know About BoJack Horseman,https://www.fandom.com/universe/bojack-horseman,Everything To Know About BoJack Horseman,https://www.fandom.com/,1w,2024-10-30 12:57:03
Everything To Know About Dragon Ball,https://www.fandom.com/universe/dragon-ball,Everything To Know About Dragon Ball,https://www.fandom.com/,1w,2024-10-30 12:57:03
Everything To Know About Dance Moms,https://www.fandom.com/universe/dance-moms,Everything To Know About Dance Moms,https://www.fandom.com/,1w,2024-10-30 12:57:03
Everything To Know About Red Dead,https://www.fandom.com/universe/red-dead,Everything To Know About Red Dead,https://www.fandom.com/,1w,2024-10-30 12:57:03
Everything To Know About Monster Hunter,https://www.fandom.com/universe/monster-hunter,Everything To Know About Monster Hunter,https://www.fandom.com/,1w,2024-10-30 12:57:03
Everything To Know About Pretty Cure,https://www.fandom.com/universe/pretty-cure,Everything To Know About Pretty Cure,https://www.fandom.com/,1w,2024-10-30 12:57:03
Everything To Know About Melanie Martinez,https://www.fandom.com/universe/melanie-martinez,Everything To Know About Melanie Martinez,https://www.fandom.com/,1w,2024-10-30 12:57:03
Everything To Know About Harry Potter,https://www.fandom.com/universe/harry-potter,Everything To Know About Harry Potter,https://www.fandom.com/,1w,2024-10-30 12:57:03
Everything To Know About Death Battle,https://www.fandom.com/universe/death-battle,Everything To Know About Death Battle,https://www.fandom.com/,1w,2024-10-30 12:57:03
Life is Strange History | The Evolution of Max Caulfield,https://www.fandom.com/articles/life-is-strange-max-caulfield,Life is Strange History | The Evolution of Max Caulfield,https://www.fandom.com/,1w,2024-10-30 12:57:03
Everything To Know About The Loud House,https://www.fandom.com/universe/the-loud-house,Everything To Know About The Loud House,https://www.fandom.com/,1w,2024-10-30 12:57:03
Everything To Know About Kimetsu no Yaiba,https://www.fandom.com/universe/kimetsu-no-yaiba,Everything To Know About Kimetsu no Yaiba,https://www.fandom.com/,1w,2024-10-30 12:57:03
Everything To Know About Fate/Grand Order,https://www.fandom.com/universe/fate-grand-order,Everything To Know About Fate/Grand Order,https://www.fandom.com/,1w,2024-10-30 12:57:03
Everything To Know About Yu-Gi-Oh!,https://www.fandom.com/universe/yu-gi-oh-,Everything To Know About Yu-Gi-Oh!,https://www.fandom.com/,1w,2024-10-30 12:57:03
Everything To Know About My Singing Monsters,https://www.fandom.com/universe/my-singing-monsters,Everything To Know About My Singing Monsters,https://www.fandom.com/,1w,2024-10-30 12:57:03
Our Thoughts on Venom 3,https://www.fandom.com/video/k6n6I7RZ/our-thoughts-on-venom-3,Our Thoughts on Venom 3,https://www.fandom.com/,1w,2024-10-30 12:57:03
Billy Business Venom Fan Fiction,https://www.fandom.com/video/4nyRY4VM/billy-business-venom-fan-fiction,Billy Business Venom Fan Fiction,https://www.fandom.com/,1w,2024-10-30 12:57:03
Honest Trailers | The Wicker Man,https://www.fandom.com/video/OtZ7PRmh/honest-trailers-the-wicker-man,Honest Trailers | The Wicker Man,https://www.fandom.com/,1w,2024-10-30 12:57:03
Everything To Know About Thomas the Tank Engine,https://www.fandom.com/universe/thomas-the-tank-engine,Everything To Know About Thomas the Tank Engine,https://www.fandom.com/,1w,2024-10-30 12:57:03
Everything To Know About Choices: Stories You Play,https://www.fandom.com/universe/choices-stories-you-play,Everything To Know About Choices: Stories You Play,https://www.fandom.com/,1w,2024-10-30 12:57:03
Everything To Know About Once Upon a Time,https://www.fandom.com/universe/once-upon-a-time,Everything To Know About Once Upon a Time,https://www.fandom.com/,1w,2024-10-30 12:57:03
MICHAEL KEATON WAS In CALL OF DUTY?!,https://www.fandom.com/video/0UEjtqPg/michael-keaton-was-in-call-of-duty,MICHAEL KEATON WAS In CALL OF DUTY?!,https://www.fandom.com/,1w,2024-10-30 12:57:03
Everything To Know About Five Nights at Freddy's,https://www.fandom.com/universe/five-nights-at-freddy-s,Everything To Know About Five Nights at Freddy's,https://www.fandom.com/,1w,2024-10-30 12:57:03
The Story Of Dragon Age UNDER 2 MINUTES,https://www.fandom.com/video/O1c3m79E/the-story-of-dragon-age-under-2-minutes,The Story Of Dragon Age UNDER 2 MINUTES,https://www.fandom.com/,1w,2024-10-30 12:57:03
"Meet Max Caulfield, The Returning Hero Of Life Is Strange",https://www.fandom.com/articles/meet-max-caulfield-the-returning-hero-of-life-is-strange,"Meet Max Caulfield, The Returning Hero Of Life Is Strange",https://www.fandom.com/,1w,2024-10-30 12:57:03
Venom 3 Spoiler Chat,https://www.fandom.com/video/mvUZcWJM/venom-3-spoiler-chat-is-this-last-dance-so-bad-its-good,Venom 3 Spoiler Chat,https://www.fandom.com/,1w,2024-10-30 12:57:03
Frog Feast | Play Now Online for Free,https://gamemonetize.com/frog-feast-game,Frog Feast | Play Now Online for Free,https://gamemonetize.com/,1w,2024-10-30 12:57:29
Leap Legends | Play Now Online for Free,https://gamemonetize.com/leap-legends-game,Leap Legends | Play Now Online for Free,https://gamemonetize.com/,1w,2024-10-30 12:57:29
Fling Jack | Play Now Online for Free,https://gamemonetize.com/fling-jack-game,Fling Jack | Play Now Online for Free,https://gamemonetize.com/,1w,2024-10-30 12:57:29
Dots Line | Play Now Online for Free,https://gamemonetize.com/dots-line-game,Dots Line | Play Now Online for Free,https://gamemonetize.com/,1w,2024-10-30 12:57:29
Grapple Grip | Play Now Online for Free,https://gamemonetize.com/grapple-grip-game,Grapple Grip | Play Now Online for Free,https://gamemonetize.com/,1w,2024-10-30 12:57:29
Hexa Dots | Play Now Online for Free,https://gamemonetize.com/hexa-dots-game,Hexa Dots | Play Now Online for Free,https://gamemonetize.com/,1w,2024-10-30 12:57:29
Cars Movement | Play Now Online for Free,https://gamemonetize.com/cars-movement-game,Cars Movement | Play Now Online for Free,https://gamemonetize.com/,1w,2024-10-30 12:57:29
Little Fingers | Play Now Online for Free,https://gamemonetize.com/little-fingers-game,Little Fingers | Play Now Online for Free,https://gamemonetize.com/,1w,2024-10-30 12:57:29
Football Leauge | Play Now Online for Free,https://gamemonetize.com/football-leauge-game,Football Leauge | Play Now Online for Free,https://gamemonetize.com/,1w,2024-10-30 12:57:29
Traffic Escape | Play Now Online for Free,https://gamemonetize.com/traffic-escape-game,Traffic Escape | Play Now Online for Free,https://gamemonetize.com/,1w,2024-10-30 12:57:29
Jigsaw Halloween | Play Now Online for Free,https://gamemonetize.com/jigsaw-halloween-game,Jigsaw Halloween | Play Now Online for Free,https://gamemonetize.com/,1w,2024-10-30 12:57:29
Juicy Match | Play Now Online for Free,https://gamemonetize.com/juicy-match-game,Juicy Match | Play Now Online for Free,https://gamemonetize.com/,1w,2024-10-30 12:57:29
Woobble Balance 3d | Play Now Online for Free,https://gamemonetize.com/woobble-balance-3d-game,Woobble Balance 3d | Play Now Online for Free,https://gamemonetize.com/,1w,2024-10-30 12:57:29
Trick Or Spot | Play Now Online for Free,https://gamemonetize.com/trick-or-spot-game,Trick Or Spot | Play Now Online for Free,https://gamemonetize.com/,1w,2024-10-30 12:57:29
Bubble Wheel Halloween | Play Now Online for Free,https://gamemonetize.com/bubble-wheel-halloween-game,Bubble Wheel Halloween | Play Now Online for Free,https://gamemonetize.com/,1w,2024-10-30 12:57:29
Hippo Good Morning | Play Now Online for Free,https://gamemonetize.com/hippo-good-morning-game,Hippo Good Morning | Play Now Online for Free,https://gamemonetize.com/,1w,2024-10-30 12:57:29
Lift The Girl | Play Now Online for Free,https://gamemonetize.com/lift-the-girl-game,Lift The Girl | Play Now Online for Free,https://gamemonetize.com/,1w,2024-10-30 12:57:29
ASMR Doll Repair | Play Now Online for Free,https://gamemonetize.com/asmr-doll-repair-game,ASMR Doll Repair | Play Now Online for Free,https://gamemonetize.com/,1w,2024-10-30 12:57:29
Roblox Climb Motorbike | Play Now Online for Free,https://gamemonetize.com/roblox-climb-motorbike-game,Roblox Climb Motorbike | Play Now Online for Free,https://gamemonetize.com/,1w,2024-10-30 12:57:29
Color Parking Drifter | Play Now Online for Free,https://gamemonetize.com/color-parking-drifter-game,Color Parking Drifter | Play Now Online for Free,https://gamemonetize.com/,1w,2024-10-30 12:57:29
Ping Pong Table Tennis | Play Now Online for Free,https://gamemonetize.com/ping-pong-table-tennis-game,Ping Pong Table Tennis | Play Now Online for Free,https://gamemonetize.com/,1w,2024-10-30 12:57:29
Princess Makeup Hair Salon | Play Now Online for Free,https://gamemonetize.com/princess-makeup-hair-salon-game,Princess Makeup Hair Salon | Play Now Online for Free,https://gamemonetize.com/,1w,2024-10-30 12:57:29
Obby Skate Forever Parkour | Play Now Online for Free,https://gamemonetize.com/obby-skate-forever-parkour-game,Obby Skate Forever Parkour | Play Now Online for Free,https://gamemonetize.com/,1w,2024-10-30 12:57:29
Space Transport,https://gamemonetize.com/gameshtml5.php?gmdidco=jqdr18bymq9ym5egegzyksb77vvrxvgs/,Space Transport,https://gamemonetize.com/,1w,2024-10-30 12:57:29
Bimka: Crashing cars! (by Matt Corp),https://playhop.com/app/381539,Bimka: Crashing cars! (by Matt Corp),https://playhop.com/,1w,2024-10-30 12:57:48
Car simulator with open world (by FENIKSDEV),https://playhop.com/app/379926,Car simulator with open world (by FENIKSDEV),https://playhop.com/,1w,2024-10-30 12:57:48
Timokha.EXE (by 1Pixel Games),https://playhop.com/app/381540,Timokha.EXE (by 1Pixel Games),https://playhop.com/,1w,2024-10-30 12:57:48
Playground remastered (by LabLab): Play Online For Free ...,https://playhop.com/app/378948,Playground remastered (by LabLab): Play Online For Free ...,https://playhop.com/,1w,2024-10-30 12:57:48
What's in Cat Noir's Phone? (by Multi Games),https://playhop.com/app/382119,What's in Cat Noir's Phone? (by Multi Games),https://playhop.com/,1w,2024-10-30 12:57:48
Perfect Tidy:Goods Sort (by Cocos Labs),https://playhop.com/app/381795,Perfect Tidy:Goods Sort (by Cocos Labs),https://playhop.com/,1w,2024-10-30 12:57:48
Nubik Obby: Boxer 2 (by AppGirl),https://playhop.com/app/380941,Nubik Obby: Boxer 2 (by AppGirl),https://playhop.com/,1w,2024-10-30 12:57:48
Dream World: Match3 (by L Games),https://playhop.com/app/374699,Dream World: Match3 (by L Games),https://playhop.com/,1w,2024-10-30 12:57:48
Larry's Prison: Obby Escape! (by Obseshn),https://playhop.com/app/284626,Larry's Prison: Obby Escape! (by Obseshn),https://playhop.com/,1w,2024-10-30 12:57:48
Supermarket Simulator: 3D Business (by MirraGames),https://playhop.com/app/380323,Supermarket Simulator: 3D Business (by MirraGames),https://playhop.com/,1w,2024-10-30 12:57:48
Sprunki Piano (by CosmoDev),https://playhop.com/app/382712,Sprunki Piano (by CosmoDev),https://playhop.com/,1w,2024-10-30 12:57:48
Caterpillar （由nagibator126):网上免费玩 ...,https://playhop.com/zh/app/359937,Caterpillar （由nagibator126):网上免费玩 ...,https://playhop.com/,1w,2024-10-30 12:57:48
Blocks Clicker: Emerald Madness （由StromGames,https://playhop.com/zh/app/381716,Blocks Clicker: Emerald Madness （由StromGames,https://playhop.com/,1w,2024-10-30 12:57:48
Blossom Sort: Flower Match （由Linder):网上免费玩 ...,https://playhop.com/zh/app/382798,Blossom Sort: Flower Match （由Linder):网上免费玩 ...,https://playhop.com/,1w,2024-10-30 12:57:48
The Cosmic Leap （由CHAVK):网上免费玩 ...,https://playhop.com/zh/app/381279,The Cosmic Leap （由CHAVK):网上免费玩 ...,https://playhop.com/,1w,2024-10-30 12:57:48
Digital Samurai （由Sibyte):网上免费玩 ...,https://playhop.com/zh/app/336607,Digital Samurai （由Sibyte):网上免费玩 ...,https://playhop.com/,1w,2024-10-30 12:57:48
Trapper Huggy Wuggy （由BlackApple):网上免费玩 ...,https://playhop.com/zh/app/289851,Trapper Huggy Wuggy （由BlackApple):网上免费玩 ...,https://playhop.com/,1w,2024-10-30 12:57:48
What's in Cat Noir's Phone? （由Multi Games):网上免费玩 ...,https://playhop.com/zh/app/382119,What's in Cat Noir's Phone? （由Multi Games):网上免费玩 ...,https://playhop.com/,1w,2024-10-30 12:57:48
Hambylu （由Kanamet):网上免费玩 ...,https://playhop.com/zh/app/369438,Hambylu （由Kanamet):网上免费玩 ...,https://playhop.com/,1w,2024-10-30 12:57:48
Help The Kitten - Draw And Save （由Aiymny):网上免费玩 ...,https://playhop.com/zh/app/382384,Help The Kitten - Draw And Save （由Aiymny):网上免费玩 ...,https://playhop.com/,1w,2024-10-30 12:57:48
Witch's Shop: Potion Brewing （由Endless Game Path,https://playhop.com/zh/app/238164,Witch's Shop: Potion Brewing （由Endless Game Path,https://playhop.com/,1w,2024-10-30 12:57:48
Sprunki Clicker （由MaratPython):网上免费玩 ...,https://playhop.com/zh/app/382407,Sprunki Clicker （由MaratPython):网上免费玩 ...,https://playhop.com/,1w,2024-10-30 12:57:48
Beat all mobs: Mine evolution! (oleh High-Quality Games),https://playhop.com/id/app/382958,Beat all mobs: Mine evolution! (oleh High-Quality Games),https://playhop.com/,1w,2024-10-30 12:57:48
Robbie and Hamster vs criptocoins! （由Chillo Games,https://playhop.com/zh/app/370494,Robbie and Hamster vs criptocoins! （由Chillo Games,https://playhop.com/,1w,2024-10-30 12:57:48
Jeally DYE Jelly Coloring ASMR （由Y-A_V):网上免费玩 ...,https://playhop.com/zh/app/377682,Jeally DYE Jelly Coloring ASMR （由Y-A_V):网上免费玩 ...,https://playhop.com/,1w,2024-10-30 12:57:48
Space UFO （由Goa Game):网上免费玩 ...,https://playhop.com/zh/app/369475,Space UFO （由Goa Game):网上免费玩 ...,https://playhop.com/,1w,2024-10-30 12:57:48
Sudoku Box （由turbo_developer_kovex):网上免费玩 ...,https://playhop.com/zh/app/377213,Sudoku Box （由turbo_developer_kovex):网上免费玩 ...,https://playhop.com/,1w,2024-10-30 12:57:48
100 Hidden Capybaras （由Bulat Gaineev):网上免费玩 ...,https://playhop.com/zh/app/382085,100 Hidden Capybaras （由Bulat Gaineev):网上免费玩 ...,https://playhop.com/,1w,2024-10-30 12:57:48
Tank Rush （由elfha):网上免费玩Playhop,https://playhop.com/zh/app/381717,Tank Rush （由elfha):网上免费玩Playhop,https://playhop.com/,1w,2024-10-30 12:57:48
Merge of the Knight Army - Game Drag0n,https://playhop.com/zh/app/379550,Merge of the Knight Army - Game Drag0n,https://playhop.com/,1w,2024-10-30 12:57:48
Твои войска (ад Layaa): Гуляць Анлайн Бясплатна На ...,https://playhop.com/be/app/382325,Твои войска (ад Layaa): Гуляць Анлайн Бясплатна На ...,https://playhop.com/,1w,2024-10-30 12:57:48
Sorting pentagons （由Chicken Games):网上免费玩 ...,https://playhop.com/zh/app/381763,Sorting pentagons （由Chicken Games):网上免费玩 ...,https://playhop.com/,1w,2024-10-30 12:57:48
Backstage: Boo! Scared? Don't be scared! （由MirageGames,https://playhop.com/zh/app/382307,Backstage: Boo! Scared? Don't be scared! （由MirageGames,https://playhop.com/,1w,2024-10-30 12:57:48
Respect tank （由Regeneration game):网上免费玩 ...,https://playhop.com/zh/app/380713,Respect tank （由Regeneration game):网上免费玩 ...,https://playhop.com/,1w,2024-10-30 12:57:48
The Snake Room （由Knappy):网上免费玩 ...,https://playhop.com/zh/app/380159,The Snake Room （由Knappy):网上免费玩 ...,https://playhop.com/,1w,2024-10-30 12:57:48
3D CUBES-RUNNER ( игра на двоих ) （由deki),https://playhop.com/zh/app/381563,3D CUBES-RUNNER ( игра на двоих ) （由deki),https://playhop.com/,1w,2024-10-30 12:57:48
Schoolboy Runaway: Clicker Escape （由GMG):网上免费玩 ...,https://playhop.com/zh/app/376688,Schoolboy Runaway: Clicker Escape （由GMG):网上免费玩 ...,https://playhop.com/,1w,2024-10-30 12:57:48
Sort tiles: Alchemy （由Q Studio):网上免费玩 ...,https://playhop.com/zh/app/382549,Sort tiles: Alchemy （由Q Studio):网上免费玩 ...,https://playhop.com/,1w,2024-10-30 12:57:48
Jigsaw puzzles for kids: animals （由Thunder Games Show,https://playhop.com/zh/app/381970,Jigsaw puzzles for kids: animals （由Thunder Games Show,https://playhop.com/,1w,2024-10-30 12:57:48
Obby: Hide and Seek Battle Royale （由Spaniel Games,https://playhop.com/zh/app/374113,Obby: Hide and Seek Battle Royale （由Spaniel Games,https://playhop.com/,1w,2024-10-30 12:57:48
Dodge the SAWS with a CREEPER （由RimZotik,https://playhop.com/zh/app/381957,Dodge the SAWS with a CREEPER （由RimZotik,https://playhop.com/,1w,2024-10-30 12:57:48
KinitoPet Choose Door （由Aksanamoon):网上免费玩 ...,https://playhop.com/zh/app/381774,KinitoPet Choose Door （由Aksanamoon):网上免费玩 ...,https://playhop.com/,1w,2024-10-30 12:57:48
Meme City Obby （由CosmoDev):网上免费玩 ...,https://playhop.com/zh/app/380218,Meme City Obby （由CosmoDev):网上免费玩 ...,https://playhop.com/,1w,2024-10-30 12:57:48
Reveal the Girls - Train Your Memory （由RockyRocket,https://playhop.com/zh/app/382671,Reveal the Girls - Train Your Memory （由RockyRocket,https://playhop.com/,1w,2024-10-30 12:57:48
Crypto Investor Simulator （由HomeGAMESTUDIO,https://playhop.com/zh/app/382106,Crypto Investor Simulator （由HomeGAMESTUDIO,https://playhop.com/,1w,2024-10-30 12:57:48
Disassemble the cube - Dream Limit Studio,https://playhop.com/zh/app/383020,Disassemble the cube - Dream Limit Studio,https://playhop.com/,1w,2024-10-30 12:57:48
Save Schoolboy! （由Pixel Forge):网上免费玩 ...,https://playhop.com/zh/app/379569,Save Schoolboy! （由Pixel Forge):网上免费玩 ...,https://playhop.com/,1w,2024-10-30 12:57:48
Collect all animals: 3D Puzzles （由Solga):网上免费玩 ...,https://playhop.com/zh/app/380534,Collect all animals: 3D Puzzles （由Solga):网上免费玩 ...,https://playhop.com/,1w,2024-10-30 12:57:48
Головоломка Умный Куб （由Hleb - 关于游戏,https://playhop.com/zh/app/378340,Головоломка Умный Куб （由Hleb - 关于游戏,https://playhop.com/,1w,2024-10-30 12:57:48
Uglyvilla Two Player （由FaBuKaStudio):网上免费玩 ...,https://playhop.com/zh/app/381993,Uglyvilla Two Player （由FaBuKaStudio):网上免费玩 ...,https://playhop.com/,1w,2024-10-30 12:57:48
Звонок Монкарту и Мини-игра! （由Minkeani):网上免费玩 ...,https://playhop.com/zh/app/382908,Звонок Монкарту и Мини-игра! （由Minkeani):网上免费玩 ...,https://playhop.com/,1w,2024-10-30 12:57:48
UnPuzzle Master （由FourGames):网上免费玩 ...,https://playhop.com/zh/app/379744,UnPuzzle Master （由FourGames):网上免费玩 ...,https://playhop.com/,1w,2024-10-30 12:57:48
T-cube （由AZG):网上免费玩Playhop,https://playhop.com/zh/app/381606,T-cube （由AZG):网上免费玩Playhop,https://playhop.com/,1w,2024-10-30 12:57:48
Какой ты сигма? (von Starodymov),https://playhop.com/de/app/241470,Какой ты сигма? (von Starodymov),https://playhop.com/,1w,2024-10-30 12:57:48
游戏PINOOO Studio,https://playhop.com/zh/developer/102317,游戏PINOOO Studio,https://playhop.com/,1w,2024-10-30 12:57:48
The Evolution of Money 2024 （由Liaaa):网上免费玩 ...,https://playhop.com/zh/app/378317,The Evolution of Money 2024 （由Liaaa):网上免费玩 ...,https://playhop.com/,1w,2024-10-30 12:57:48
Place the Blocks Correctly （由BrainDamagedStudio,https://playhop.com/zh/app/381133,Place the Blocks Correctly （由BrainDamagedStudio,https://playhop.com/,1w,2024-10-30 12:57:48
游戏Vombat Boris,https://playhop.com/zh/developer/102770,游戏Vombat Boris,https://playhop.com/,1w,2024-10-30 12:57:48
"Kid from 5 nights with Timoha, on a bike! （由TDS BID",https://playhop.com/zh/app/382426,"Kid from 5 nights with Timoha, on a bike! （由TDS BID",https://playhop.com/,1w,2024-10-30 12:57:48
CherryField （由VladislavDrobkov):网上免费玩 ...,https://playhop.com/zh/app/381372,CherryField （由VladislavDrobkov):网上免费玩 ...,https://playhop.com/,1w,2024-10-30 12:57:48
游戏Agejkin Sergej - Агейкин Сергей,https://playhop.com/zh/developer/100405,游戏Agejkin Sergej - Агейкин Сергей,https://playhop.com/,1w,2024-10-30 12:57:48
Cyber Taxi （由A.I.V.Game):网上免费玩 ...,https://playhop.com/zh/app/378776,Cyber Taxi （由A.I.V.Game):网上免费玩 ...,https://playhop.com/,1w,2024-10-30 12:57:48
游戏MrGamer,https://playhop.com/zh/developer/100753,游戏MrGamer,https://playhop.com/,1w,2024-10-30 12:57:48
Нубик Рудокоп: Разрушай Блоки （由Snowflake):网上免费 ...,https://playhop.com/zh/app/382808,Нубик Рудокоп: Разрушай Блоки （由Snowflake):网上免费 ...,https://playhop.com/,1w,2024-10-30 12:57:48
游戏elfha,https://playhop.com/zh/developer/103165,游戏elfha,https://playhop.com/,1w,2024-10-30 12:57:48
游戏GMG,https://playhop.com/zh/developer/101877,游戏GMG,https://playhop.com/,1w,2024-10-30 12:57:48
Night Team Shooter （由CandleGames):网上免费玩 ...,https://playhop.com/zh/app/380626,Night Team Shooter （由CandleGames):网上免费玩 ...,https://playhop.com/,1w,2024-10-30 12:57:48
Tokyo Ghoul Call （由wqlif):网上免费玩 ...,https://playhop.com/zh/app/295983,Tokyo Ghoul Call （由wqlif):网上免费玩 ...,https://playhop.com/,1w,2024-10-30 12:57:48
游戏Dev Chonka,https://playhop.com/zh/developer/97364,游戏Dev Chonka,https://playhop.com/,1w,2024-10-30 12:57:48
Побег от Мемов: Закулисье （由KorneplodGames,https://playhop.com/zh/app/382435,Побег от Мемов: Закулисье （由KorneplodGames,https://playhop.com/,1w,2024-10-30 12:57:48
游戏GameRoll studios,https://playhop.com/zh/developer/34510,游戏GameRoll studios,https://playhop.com/,1w,2024-10-30 12:57:48
游戏Morrowind,https://playhop.com/zh/developer/103528,游戏Morrowind,https://playhop.com/,1w,2024-10-30 12:57:48
游戏Ivan99 Games,https://playhop.com/zh/developer/60058,游戏Ivan99 Games,https://playhop.com/,1w,2024-10-30 12:57:48
Ловушки с Wind31 （由IggyDev):网上免费玩 ...,https://playhop.com/zh/app/382437,Ловушки с Wind31 （由IggyDev):网上免费玩 ...,https://playhop.com/,1w,2024-10-30 12:57:48
Геншин. Райден против монстров! （由MuramasaGames,https://playhop.com/zh/app/382079,Геншин. Райден против монстров! （由MuramasaGames,https://playhop.com/,1w,2024-10-30 12:57:48
游戏RoalCola2077,https://playhop.com/zh/developer/101659,游戏RoalCola2077,https://playhop.com/,1w,2024-10-30 12:57:48
游戏538labs,https://playhop.com/zh/developer/98355,游戏538labs,https://playhop.com/,1w,2024-10-30 12:57:48
Насколько ты хорош в отношениях? （由easygamez,https://playhop.com/zh/app/382666,Насколько ты хорош в отношениях? （由easygamez,https://playhop.com/,1w,2024-10-30 12:57:48
Хардкор Куб （由lilkitty):网上免费玩 ...,https://playhop.com/zh/app/366956,Хардкор Куб （由lilkitty):网上免费玩 ...,https://playhop.com/,1w,2024-10-30 12:57:48
游戏RimZotik,https://playhop.com/zh/developer/101454,游戏RimZotik,https://playhop.com/,1w,2024-10-30 12:57:48
游戏LoyKiken,https://playhop.com/zh/developer/103320,游戏LoyKiken,https://playhop.com/,1w,2024-10-30 12:57:48
超级猫— 页面 2,https://playhop.com/zh/tag/chao_ji_mao_271?page=2,超级猫— 页面 2,https://playhop.com/,1w,2024-10-30 12:57:48
团队— 页面 3,https://playhop.com/zh/tag/tuan_dui_129?page=3,团队— 页面 3,https://playhop.com/,1w,2024-10-30 12:57:48
所有游戏— 页面254,https://playhop.com/zh/all-games?page=254,所有游戏— 页面254,https://playhop.com/,1w,2024-10-30 12:57:48
"宝石,宝石— 页面 3",https://playhop.com/zh/tag/bao_shi_bao_shi_567?page=3,"宝石,宝石— 页面 3",https://playhop.com/,1w,2024-10-30 12:57:48
房间— 页面 5,https://playhop.com/zh/tag/fang_jian_128?page=5,房间— 页面 5,https://playhop.com/,1w,2024-10-30 12:57:48
战斗— 页面 5,https://playhop.com/zh/tag/zhan_dou_818?page=5,战斗— 页面 5,https://playhop.com/,1w,2024-10-30 12:57:48
Drift Mini Race - Spil Nu Gratis På UFreeGames,https://www.ufreegames.com/play/drift-mini-race.html?hl=da,Drift Mini Race - Spil Nu Gratis På UFreeGames,https://www.ufreegames.com/,1w,2024-10-30 12:57:58
Impulse 🕹️ Play Now on GamePix,https://www.gamepix.com/play/impulse,Impulse 🕹️ Play Now on GamePix,https://www.gamepix.com/,1w,2024-10-30 12:58:02
Rovercraft 🕹️ Play Now on GamePix,https://www.gamepix.com/play/rovercraft,Rovercraft 🕹️ Play Now on GamePix,https://www.gamepix.com/,1w,2024-10-30 12:58:02
Splash 🕹️ Play Now on GamePix,https://www.gamepix.com/play/splash,Splash 🕹️ Play Now on GamePix,https://www.gamepix.com/,1w,2024-10-30 12:58:02
Tappy Plaane 🕹️ Play Now on GamePix,https://www.gamepix.com/play/tappy-plaane,Tappy Plaane 🕹️ Play Now on GamePix,https://www.gamepix.com/,1w,2024-10-30 12:58:02
Block Cat 🕹️ Play Now on GamePix,https://www.gamepix.com/play/block-cat,Block Cat 🕹️ Play Now on GamePix,https://www.gamepix.com/,1w,2024-10-30 12:58:02
Thief Trap 🕹️ Play Now on GamePix,https://www.gamepix.com/play/thief-trap,Thief Trap 🕹️ Play Now on GamePix,https://www.gamepix.com/,1w,2024-10-30 12:58:02
Bio Zone 🕹️ Play Now on GamePix,https://www.gamepix.com/play/bio-zone,Bio Zone 🕹️ Play Now on GamePix,https://www.gamepix.com/,1w,2024-10-30 12:58:02
Jigsaw Halloween 🕹️ Play Now on GamePix,https://www.gamepix.com/play/jigsaw-halloween,Jigsaw Halloween 🕹️ Play Now on GamePix,https://www.gamepix.com/,1w,2024-10-30 12:58:02
Bouncing Ring 🕹️ Play Now on GamePix,https://www.gamepix.com/play/bouncing-ring,Bouncing Ring 🕹️ Play Now on GamePix,https://www.gamepix.com/,1w,2024-10-30 12:58:02
Clay 2048 🕹️ Play Now on GamePix,https://www.gamepix.com/play/clay-2048,Clay 2048 🕹️ Play Now on GamePix,https://www.gamepix.com/,1w,2024-10-30 12:58:02
Traffic Escape 🕹️ Play Now on GamePix,https://www.gamepix.com/play/traffic-escape,Traffic Escape 🕹️ Play Now on GamePix,https://www.gamepix.com/,1w,2024-10-30 12:58:02
Paddle Battle 🕹️ Play Now on GamePix,https://www.gamepix.com/play/paddle-battle,Paddle Battle 🕹️ Play Now on GamePix,https://www.gamepix.com/,1w,2024-10-30 12:58:02
Bouncing Color 🕹️ Play Now on GamePix,https://www.gamepix.com/play/bouncing-color,Bouncing Color 🕹️ Play Now on GamePix,https://www.gamepix.com/,1w,2024-10-30 12:58:02
Bug Catcher 🕹️ Play Now on GamePix,https://www.gamepix.com/play/bug-catcher,Bug Catcher 🕹️ Play Now on GamePix,https://www.gamepix.com/,1w,2024-10-30 12:58:02
Driving Test 🕹️ Play Now on GamePix,https://www.gamepix.com/play/driving-test,Driving Test 🕹️ Play Now on GamePix,https://www.gamepix.com/,1w,2024-10-30 12:58:02
Neon Driver 🕹️ Play Now on GamePix,https://www.gamepix.com/play/neon-driver,Neon Driver 🕹️ Play Now on GamePix,https://www.gamepix.com/,1w,2024-10-30 12:58:02
Cricket Powerplay 🕹️ Play Now on GamePix,https://www.gamepix.com/play/cricket-powerplay,Cricket Powerplay 🕹️ Play Now on GamePix,https://www.gamepix.com/,1w,2024-10-30 12:58:02
Pick & Go! 🕹️ Play Now on GamePix,https://www.gamepix.com/play/pick-go,Pick & Go! 🕹️ Play Now on GamePix,https://www.gamepix.com/,1w,2024-10-30 12:58:02
Artic Fishing 🕹 Gioca Ora su GamePix,https://www.gamepix.com/it/play/artic-fishing,Artic Fishing 🕹 Gioca Ora su GamePix,https://www.gamepix.com/,1w,2024-10-30 12:58:02
Doge Match - Giochi,https://www.gamepix.com/it/play/doge-match,Doge Match - Giochi,https://www.gamepix.com/,1w,2024-10-30 12:58:02
Bouncing Egg 🕹 Gioca Ora su GamePix,https://www.gamepix.com/it/play/bouncing-egg,Bouncing Egg 🕹 Gioca Ora su GamePix,https://www.gamepix.com/,1w,2024-10-30 12:58:02
Pumpking Vs Mummy 🕹️ Play Now on GamePix,https://www.gamepix.com/play/pumpking-vs-mummy,Pumpking Vs Mummy 🕹️ Play Now on GamePix,https://www.gamepix.com/,1w,2024-10-30 12:58:02
Block Cat 🕹 Gioca Ora su GamePix,https://www.gamepix.com/it/play/block-cat,Block Cat 🕹 Gioca Ora su GamePix,https://www.gamepix.com/,1w,2024-10-30 12:58:02
Dragon Rider Viking 🕹️ Play Now on GamePix,https://www.gamepix.com/play/dragon-rider-viking,Dragon Rider Viking 🕹️ Play Now on GamePix,https://www.gamepix.com/,1w,2024-10-30 12:58:02
Jump Up 3d 🕹️ Play Now on GamePix,https://www.gamepix.com/play/jump-up-3d,Jump Up 3d 🕹️ Play Now on GamePix,https://www.gamepix.com/,1w,2024-10-30 12:58:02
Football League Game 🕹️ Play Now on GamePix,https://www.gamepix.com/play/football-league-game,Football League Game 🕹️ Play Now on GamePix,https://www.gamepix.com/,1w,2024-10-30 12:58:02
Run Dinoo 🕹 Gioca Ora su GamePix,https://www.gamepix.com/it/play/run-dinoo,Run Dinoo 🕹 Gioca Ora su GamePix,https://www.gamepix.com/,1w,2024-10-30 12:58:02
Color To Color 🕹️ Play Now on GamePix,https://www.gamepix.com/play/color-to-color,Color To Color 🕹️ Play Now on GamePix,https://www.gamepix.com/,1w,2024-10-30 12:58:02
Hold Position War 🕹️ Play Now on GamePix,https://www.gamepix.com/play/hold-position-war,Hold Position War 🕹️ Play Now on GamePix,https://www.gamepix.com/,1w,2024-10-30 12:58:02
Wood Cutting 🕹 Gioca Ora su GamePix,https://www.gamepix.com/it/play/wood-cutting,Wood Cutting 🕹 Gioca Ora su GamePix,https://www.gamepix.com/,1w,2024-10-30 12:58:02
Obby Halloween Danger Skate 🕹️ Play Now on GamePix,https://www.gamepix.com/play/obby-halloween-danger-skate,Obby Halloween Danger Skate 🕹️ Play Now on GamePix,https://www.gamepix.com/,1w,2024-10-30 12:58:02
Lucky Slot Machine 🕹 Gioca Ora su ...,https://www.gamepix.com/it/play/lucky-slot-machine,Lucky Slot Machine 🕹 Gioca Ora su ...,https://www.gamepix.com/,1w,2024-10-30 12:58:02
Ghost Happy Halloween Twoplayer,https://www.gamepix.com/play/ghost-happy-halloween-twoplayer,Ghost Happy Halloween Twoplayer,https://www.gamepix.com/,1w,2024-10-30 12:58:02
Halloween Monster Clicker 🕹 Gioca Ora su GamePix,https://www.gamepix.com/it/play/halloween-monster-clicker,Halloween Monster Clicker 🕹 Gioca Ora su GamePix,https://www.gamepix.com/,1w,2024-10-30 12:58:02
Pumpking Vs Mummy 🕹 Gioca Ora su GamePix,https://www.gamepix.com/it/play/pumpking-vs-mummy,Pumpking Vs Mummy 🕹 Gioca Ora su GamePix,https://www.gamepix.com/,1w,2024-10-30 12:58:02
Escape From Castle Frankenstein 🕹️ Play Now on GamePix,https://www.gamepix.com/play/escape-from-castle-frankenstein,Escape From Castle Frankenstein 🕹️ Play Now on GamePix,https://www.gamepix.com/,1w,2024-10-30 12:58:02
Car Coin Hunt 🕹 Gioca Ora su GamePix,https://www.gamepix.com/it/play/car-coin-hunt,Car Coin Hunt 🕹 Gioca Ora su GamePix,https://www.gamepix.com/,1w,2024-10-30 12:58:02
Go Kart Mania 4 🕹️ Play Now on GamePix,https://www.gamepix.com/play/go-kart-mania-4,Go Kart Mania 4 🕹️ Play Now on GamePix,https://www.gamepix.com/,1w,2024-10-30 12:58:02
Roblox Halloween Costume Party 🕹️ Play Now on GamePix,https://www.gamepix.com/play/roblox-halloween-costume-party,Roblox Halloween Costume Party 🕹️ Play Now on GamePix,https://www.gamepix.com/,1w,2024-10-30 12:58:02
4x4 Buggy Offroad Racing 🕹️ Play Now on GamePix,https://www.gamepix.com/play/4x4-buggy-offroad-racing,4x4 Buggy Offroad Racing 🕹️ Play Now on GamePix,https://www.gamepix.com/,1w,2024-10-30 12:58:02
Crash The Comet 🕹 Gioca Ora su GamePix,https://www.gamepix.com/it/play/crash-the-comet,Crash The Comet 🕹 Gioca Ora su GamePix,https://www.gamepix.com/,1w,2024-10-30 12:58:02
Drink Drive Survive 🕹 Gioca Ora su ...,https://www.gamepix.com/it/play/drink-drive-survive,Drink Drive Survive 🕹 Gioca Ora su ...,https://www.gamepix.com/,1w,2024-10-30 12:58:02
Aces Of The Luftwaffe Squadron 🕹️ Play Now on GamePix,https://www.gamepix.com/play/aces-of-the-luftwaffe-squadron,Aces Of The Luftwaffe Squadron 🕹️ Play Now on GamePix,https://www.gamepix.com/,1w,2024-10-30 12:58:02
Go Kart Mania 4 🕹 Gioca Ora su GamePix,https://www.gamepix.com/it/play/go-kart-mania-4,Go Kart Mania 4 🕹 Gioca Ora su GamePix,https://www.gamepix.com/,1w,2024-10-30 12:58:02
Roblox Halloween Costume Party 🕹 Gioca Ora su GamePix,https://www.gamepix.com/it/play/roblox-halloween-costume-party,Roblox Halloween Costume Party 🕹 Gioca Ora su GamePix,https://www.gamepix.com/,1w,2024-10-30 12:58:02
Escape From Castle Frankenstein 🕹 Gioca Ora su GamePix,https://www.gamepix.com/it/play/escape-from-castle-frankenstein,Escape From Castle Frankenstein 🕹 Gioca Ora su GamePix,https://www.gamepix.com/,1w,2024-10-30 12:58:02
Obby Halloween Danger Skate 🕹 Gioca Ora su GamePix,https://www.gamepix.com/it/play/obby-halloween-danger-skate,Obby Halloween Danger Skate 🕹 Gioca Ora su GamePix,https://www.gamepix.com/,1w,2024-10-30 12:58:02
Aces Of The Luftwaffe Squadron,https://www.gamepix.com/it/play/aces-of-the-luftwaffe-squadron,Aces Of The Luftwaffe Squadron,https://www.gamepix.com/,1w,2024-10-30 12:58:02
Tic-tac-toe Mouse Vs. Cat 🕹️ Play Now on GamePix,https://www.gamepix.com/play/tic-tac-toe-mouse-vs-cat,Tic-tac-toe Mouse Vs. Cat 🕹️ Play Now on GamePix,https://www.gamepix.com/,1w,2024-10-30 12:58:02
Run To Glory Obstacle Dash Adventure,https://www.gamepix.com/play/run-to-glory-obstacle-dash-adventure,Run To Glory Obstacle Dash Adventure,https://www.gamepix.com/,1w,2024-10-30 12:58:02
Alex And Steve Adventures Saves 🕹 Gioca Ora su GamePix,https://www.gamepix.com/it/play/alex-and-steve-adventures-saves,Alex And Steve Adventures Saves 🕹 Gioca Ora su GamePix,https://www.gamepix.com/,1w,2024-10-30 12:58:02
NosTale,https://gameforge.com/play/nostale,NosTale,https://gameforge.com/,1w,2024-10-30 12:58:09
Comprobación de asistencia del Hierizo,https://es.elsword.gameforge.com/news/article/1663,Comprobación de asistencia del Hierizo,https://gameforge.com/,1w,2024-10-30 12:58:09
OGame France,https://board.fr.ogame.gameforge.com/,OGame France,https://gameforge.com/,1w,2024-10-30 12:58:09
Cosplayoween - Pytania na temat gry,https://forum.runesofmagic.gameforge.com/forum/thread/11622-cosplayoween/,Cosplayoween - Pytania na temat gry,https://gameforge.com/,1w,2024-10-30 12:58:09
Błąd - Zgłoszenia błędów,https://forum.ikariam.gameforge.com/forum/thread/103624-b%C5%82%C4%85d/,Błąd - Zgłoszenia błędów,https://gameforge.com/,1w,2024-10-30 12:58:09
NosTale,https://gameforge.com/zh-TW/play/nostale,NosTale,https://gameforge.com/,1w,2024-10-30 12:58:09
NosTale,https://gameforge.com/en-GB/play/nostale,NosTale,https://gameforge.com/,1w,2024-10-30 12:58:09
NosTale,https://gameforge.com/hu-HU/play/nostale,NosTale,https://gameforge.com/,1w,2024-10-30 12:58:09
NosTale,https://gameforge.com/ja-JP/play/nostale,NosTale,https://gameforge.com/,1w,2024-10-30 12:58:09
NosTale,https://gameforge.com/de-DE/play/nostale,NosTale,https://gameforge.com/,1w,2024-10-30 12:58:09
Ikariam,https://forum.ikariam.gameforge.com/,Ikariam,https://gameforge.com/,1w,2024-10-30 12:58:09
NosTale,https://gameforge.com/et-EE/play/nostale,NosTale,https://gameforge.com/,1w,2024-10-30 12:58:09
Battleknight,https://forum.battleknight.gameforge.com/,Battleknight,https://gameforge.com/,1w,2024-10-30 12:58:09
The Hideout - Discussions,https://forum.bitefight.gameforge.com/forum/thread/11299-the-hideout/,The Hideout - Discussions,https://gameforge.com/,1w,2024-10-30 12:58:09
Handelsroute Ambrosia - Diskussionen und Feedback,https://forum.ikariam.gameforge.com/forum/thread/103641-handelsroute-ambrosia/,Handelsroute Ambrosia - Diskussionen und Feedback,https://gameforge.com/,1w,2024-10-30 12:58:09
Monster hunt bug - Technical help & bug report,https://forum.battleknight.gameforge.com/forum/thread/5976-monster-hunt-bug/,Monster hunt bug - Technical help & bug report,https://gameforge.com/,1w,2024-10-30 12:58:09
Събития в играта - Новини и съобщения,https://forum.gladiatus.gameforge.com/forum/thread/12039-%D1%81%D1%8A%D0%B1%D0%B8%D1%82%D0%B8%D1%8F-%D0%B2-%D0%B8%D0%B3%D1%80%D0%B0%D1%82%D0%B0/,Събития в играта - Новини и съобщения,https://gameforge.com/,1w,2024-10-30 12:58:09
Maintenance - 30.10,https://forum.aion.gameforge.com/forum/thread/12746-maintenance-30-10/,Maintenance - 30.10,https://gameforge.com/,1w,2024-10-30 12:58:09
Etkinlik Seferi Hk. - Yardım & Sorular,https://forum.gladiatus.gameforge.com/forum/thread/12036-etkinlik-seferi-hk/,Etkinlik Seferi Hk. - Yardım & Sorular,https://gameforge.com/,1w,2024-10-30 12:58:09
OLD city view - Discussions and Feedback,https://forum.ikariam.gameforge.com/forum/thread/103613-old-city-view/,OLD city view - Discussions and Feedback,https://gameforge.com/,1w,2024-10-30 12:58:09
Entschädigung.. - Allgemeine Diskussion,https://board.de.metin2.gameforge.com/index.php?thread/131711-entsch%C3%A4digung/,Entschädigung.. - Allgemeine Diskussion,https://gameforge.com/,1w,2024-10-30 12:58:09
حدث مصغر 2 - Events,https://forum.bitefight.gameforge.com/forum/thread/11276-%D8%AD%D8%AF%D8%AB-%D9%85%D8%B5%D8%BA%D8%B1-2/,حدث مصغر 2 - Events,https://gameforge.com/,1w,2024-10-30 12:58:09
Frost-Igels Anwesenheitscheck - News über Elios,https://forum.elsword.gameforge.com/forum/thread/26996-frost-igels-anwesenheitscheck/,Frost-Igels Anwesenheitscheck - News über Elios,https://gameforge.com/,1w,2024-10-30 12:58:09
Support & questions - OGame France,https://board.fr.ogame.gameforge.com/index.php?thread/755776-question/,Support & questions - OGame France,https://gameforge.com/,1w,2024-10-30 12:58:09
Przekazanie konta - Zadawanie pytań,https://forum.pl.ogame.gameforge.com/forum/thread/28809-przekazanie-konta/,Przekazanie konta - Zadawanie pytań,https://gameforge.com/,1w,2024-10-30 12:58:09
Diebeshandschuhe - Fragen und Hilfe im Spiel,https://board.de.metin2.gameforge.com/index.php?thread/131726-diebeshandschuhe/,Diebeshandschuhe - Fragen und Hilfe im Spiel,https://gameforge.com/,1w,2024-10-30 12:58:09
Микроивенты (ноябрь 2024) - Новости,https://forum.gladiatus.gameforge.com/forum/thread/12040-%D0%BC%D0%B8%D0%BA%D1%80%D0%BE%D0%B8%D0%B2%D0%B5%D0%BD%D1%82%D1%8B-%D0%BD%D0%BE%D1%8F%D0%B1%D1%80%D1%8C-2024/,Микроивенты (ноябрь 2024) - Новости,https://gameforge.com/,1w,2024-10-30 12:58:09
usunięcie konta - Zadawanie pytań,https://forum.pl.ogame.gameforge.com/forum/thread/28811-usuni%C4%99cie-konta/,usunięcie konta - Zadawanie pytań,https://gameforge.com/,1w,2024-10-30 12:58:09
"عالم Xi , Omikron - المنتدى العام",https://forum.ikariam.gameforge.com/forum/thread/103619-%D8%B9%D8%A7%D9%84%D9%85-xi-omikron/,"عالم Xi , Omikron - المنتدى العام",https://gameforge.com/,1w,2024-10-30 12:58:09
Aion Startet nicht - Fragen und Hilfe zum Spiel,https://forum.aion.gameforge.com/forum/thread/12740-aion-startet-nicht/,Aion Startet nicht - Fragen und Hilfe zum Spiel,https://gameforge.com/,1w,2024-10-30 12:58:09
[Contest] Halloween 2024 - News ed aggiornamenti,https://forum.ikariam.gameforge.com/forum/thread/103603-contest-halloween-2024/,Contest,https://gameforge.com/,1w,2024-10-30 12:58:09
Vouchers - Loja de Itens - Metin2 Portugal,https://board.pt.metin2.gameforge.com/index.php?thread/24353-vouchers/,Vouchers - Loja de Itens - Metin2 Portugal,https://gameforge.com/,1w,2024-10-30 12:58:09
Metin2 Wiki,http://tr-wiki.metin2.gameforge.com/,Metin2 Wiki,https://gameforge.com/,1w,2024-10-30 12:58:09
Maintenance - 30.10,https://forum.aion.gameforge.com/forum/thread/12747-maintenance-30-10/,Maintenance - 30.10,https://gameforge.com/,1w,2024-10-30 12:58:09
Elsword Europe - Gameforge.com,https://forum.elsword.gameforge.com/forum/,Elsword Europe - Gameforge.com,https://gameforge.com/,1w,2024-10-30 12:58:09
Metin2 France,https://board.fr.metin2.gameforge.com/,Metin2 France,https://gameforge.com/,1w,2024-10-30 12:58:09
29 Ekim Bakım - Genel Duyurular,https://forum.ikariam.gameforge.com/forum/thread/103639-29-ekim-bak%C4%B1m/,29 Ekim Bakım - Genel Duyurular,https://gameforge.com/,1w,2024-10-30 12:58:09
Metin2 IT,https://board.it.metin2.gameforge.com/,Metin2 IT,https://gameforge.com/,1w,2024-10-30 12:58:09
Maintenance - 29/10 - News and Announcements,https://forum.battleknight.gameforge.com/forum/thread/5978-maintenance-29-10/,Maintenance - 29/10 - News and Announcements,https://gameforge.com/,1w,2024-10-30 12:58:09
Forum - Gladiatus,https://forum.gladiatus.gameforge.com/forum/,Forum - Gladiatus,https://gameforge.com/,1w,2024-10-30 12:58:09
NosTale DE,https://forum.de.nostale.gameforge.com/,NosTale DE,https://gameforge.com/,1w,2024-10-30 12:58:09
Contiamo! - Page 532 - Off Topic,https://forum.ikariam.gameforge.com/forum/thread/1337-contiamo/?postID=1229406,Contiamo! - Page 532 - Off Topic,https://gameforge.com/,1w,2024-10-30 12:58:09
Contiamo! - Page 532 - Off Topic,https://forum.ikariam.gameforge.com/forum/thread/1337-contiamo/?postID=1229309,Contiamo! - Page 532 - Off Topic,https://gameforge.com/,1w,2024-10-30 12:58:09
ITALIAN - Forum,https://forum.battleknight.gameforge.com/forum/board/124-italian/,ITALIAN - Forum,https://gameforge.com/,1w,2024-10-30 12:58:09
Shopupdate 30.10.2024 - Elsword Europe - Gameforge.com,https://forum.elsword.gameforge.com/forum/thread/27005-shopupdate-30-10-2024/,Shopupdate 30.10.2024 - Elsword Europe - Gameforge.com,https://gameforge.com/,1w,2024-10-30 12:58:09
Zodiakrun Bugs - Fragen und Hilfe im Spiel,https://board.de.metin2.gameforge.com/index.php?thread/131691-zodiakrun-bugs/,Zodiakrun Bugs - Fragen und Hilfe im Spiel,https://gameforge.com/,1w,2024-10-30 12:58:09
Błąd - Zgłoszenia błędów,https://forum.ikariam.gameforge.com/forum/thread/103624-b%C5%82%C4%85d/?action=firstNew,Błąd - Zgłoszenia błędów,https://gameforge.com/,1w,2024-10-30 12:58:09
ארמון 20 ראשון בישראל - שיחות ומשוב אודות המשחק,https://forum.ikariam.gameforge.com/forum/thread/103649-%D7%90%D7%A8%D7%9E%D7%95%D7%9F-20-%D7%A8%D7%90%D7%A9%D7%95%D7%9F-%D7%91%D7%99%D7%A9%D7%A8%D7%90%D7%9C/,ארמון 20 ראשון בישראל - שיחות ומשוב אודות המשחק,https://gameforge.com/,1w,2024-10-30 12:58:09
Shopupdate 30.10.2024 - Elsword Europe - Gameforge.com,https://forum.elsword.gameforge.com/forum/thread/27004-shopupdate-30-10-2024/,Shopupdate 30.10.2024 - Elsword Europe - Gameforge.com,https://gameforge.com/,1w,2024-10-30 12:58:09
Yavrucuk Kutusu - Nesne Market,https://board.tr.metin2.gameforge.com/index.php?thread/626489-yavrucuk-kutusu/,Yavrucuk Kutusu - Nesne Market,https://gameforge.com/,1w,2024-10-30 12:58:09
pull regel - Fragen zum Spiel,https://board.de.ogame.gameforge.com/index.php?thread/219285-pull-regel/,pull regel - Fragen zum Spiel,https://gameforge.com/,1w,2024-10-30 12:58:09
[Juego]MicroEvento Bendiciones 2 - Eventos,https://forum.bitefight.gameforge.com/forum/thread/11264-juego-microevento-bendiciones-2/,Juego,https://gameforge.com/,1w,2024-10-30 12:58:09
Μπαούλα Αποθήκευσης - Προσφορές Item Shop,https://board.gr.metin2.gameforge.com/index.php?thread/52953-%CE%BC%CF%80%CE%B1%CE%BF%CF%8D%CE%BB%CE%B1-%CE%B1%CF%80%CE%BF%CE%B8%CE%AE%CE%BA%CE%B5%CF%85%CF%83%CE%B7%CF%82/,Μπαούλα Αποθήκευσης - Προσφορές Item Shop,https://gameforge.com/,1w,2024-10-30 12:58:09
Event - Technical help & bug report,https://forum.bitefight.gameforge.com/forum/thread/11293-event/?action=firstNew,Event - Technical help & bug report,https://gameforge.com/,1w,2024-10-30 12:58:09
Contiamo! - Page 532 - Off Topic,https://forum.ikariam.gameforge.com/forum/thread/1337-contiamo/?postID=1229404,Contiamo! - Page 532 - Off Topic,https://gameforge.com/,1w,2024-10-30 12:58:09
Welcher Server ? - Fragen und Hilfe im Spiel,https://board.de.metin2.gameforge.com/index.php?thread/131731-welcher-server/,Welcher Server ? - Fragen und Hilfe im Spiel,https://gameforge.com/,1w,2024-10-30 12:58:09
Contiamo! - Page 532 - Off Topic,https://forum.ikariam.gameforge.com/forum/thread/1337-contiamo/?postID=1229308,Contiamo! - Page 532 - Off Topic,https://gameforge.com/,1w,2024-10-30 12:58:09
Telafi Etkinlikleri - Oyun Duyuruları,https://board.tr.metin2.gameforge.com/index.php?thread/626498-telafi-etkinlikleri/,Telafi Etkinlikleri - Oyun Duyuruları,https://gameforge.com/,1w,2024-10-30 12:58:09
Charon Sunucusu - Bakım ve Sunucu Haberleri,https://board.tr.metin2.gameforge.com/index.php?thread/626491-charon-sunucusu/,Charon Sunucusu - Bakım ve Sunucu Haberleri,https://gameforge.com/,1w,2024-10-30 12:58:09
Cosplayoween - Pytania na temat gry,https://forum.runesofmagic.gameforge.com/forum/thread/11622-cosplayoween/?action=firstNew,Cosplayoween - Pytania na temat gry,https://gameforge.com/,1w,2024-10-30 12:58:09
Lucifer Sunucusu - Bakım ve Sunucu Haberleri,https://board.tr.metin2.gameforge.com/index.php?thread/626518-lucifer-sunucusu/,Lucifer Sunucusu - Bakım ve Sunucu Haberleri,https://gameforge.com/,1w,2024-10-30 12:58:09
Shopupdate 30.10.2024 - Elsword Europe - Gameforge.com,https://forum.elsword.gameforge.com/forum/thread/27002-shopupdate-30-10-2024/,Shopupdate 30.10.2024 - Elsword Europe - Gameforge.com,https://gameforge.com/,1w,2024-10-30 12:58:09
Yohara mapa - Otázky a odpovědi - Questions and answers,https://board.cz.metin2.gameforge.com/index.php?thread/41105-yohara-mapa/,Yohara mapa - Otázky a odpovědi - Questions and answers,https://gameforge.com/,1w,2024-10-30 12:58:09
EP Kuponları! - Nesne Market,https://board.tr.metin2.gameforge.com/index.php?thread/626515-ep-kuponlar%C4%B1/,EP Kuponları! - Nesne Market,https://gameforge.com/,1w,2024-10-30 12:58:09
LF-Bonus - Fragen zum Spiel - OGame DE,https://board.de.ogame.gameforge.com/index.php?thread/219286-lf-bonus/,LF-Bonus - Fragen zum Spiel - OGame DE,https://gameforge.com/,1w,2024-10-30 12:58:09
Flash Deals - Προσφορές Item Shop,https://board.gr.metin2.gameforge.com/index.php?thread/52955-flash-deals/,Flash Deals - Προσφορές Item Shop,https://gameforge.com/,1w,2024-10-30 12:58:09
Contiamo! - Page 533 - Off Topic,https://forum.ikariam.gameforge.com/forum/thread/1337-contiamo/?postID=1229508,Contiamo! - Page 533 - Off Topic,https://gameforge.com/,1w,2024-10-30 12:58:09
Yakini,https://forum.ba.ogame.gameforge.com/forum/board/149-yakini/,Yakini,https://gameforge.com/,1w,2024-10-30 12:58:09
Pola Chwały,https://forum.ikariam.gameforge.com/forum/board/198-pola-chwa%C5%82y/,Pola Chwały,https://gameforge.com/,1w,2024-10-30 12:58:09
Forum,https://forum.de.nostale.gameforge.com/forum/,Forum,https://gameforge.com/,1w,2024-10-30 12:58:09
España,https://forum.es.ogame.gameforge.com/forum/board/601-espa%C3%B1a/,España,https://gameforge.com/,1w,2024-10-30 12:58:09
LiveHockey,https://s11-se.bitefight.gameforge.com/clan/viewHomepage?id=40180,LiveHockey,https://gameforge.com/,1w,2024-10-30 12:58:09
Ogłoszenia,https://board.pl.metin2.gameforge.com/wcf/,Ogłoszenia,https://gameforge.com/,1w,2024-10-30 12:58:09
Ogłoszenia,https://forum.pl.ogame.gameforge.com/dashboard/,Ogłoszenia,https://gameforge.com/,1w,2024-10-30 12:58:09
Ymir - OGame France,https://board.fr.ogame.gameforge.com/index.php?board/3302-ymir/,Ymir - OGame France,https://gameforge.com/,1w,2024-10-30 12:58:09
News - Sonderaktionen,https://board.de.ogame.gameforge.com/index.php?board/894-news-sonderaktionen/,News - Sonderaktionen,https://gameforge.com/,1w,2024-10-30 12:58:09
Universe Eris,https://board.en.ogame.gameforge.com/index.php?board/2355-universe-eris/,Universe Eris,https://gameforge.com/,1w,2024-10-30 12:58:09
Universe 1,https://board.en.ogame.gameforge.com/index.php?board/841-universe-1/,Universe 1,https://gameforge.com/,1w,2024-10-30 12:58:09
News - Events - Metin2 DE,https://board.de.metin2.gameforge.com/index.php?board/1167-news-events/,News - Events - Metin2 DE,https://gameforge.com/,1w,2024-10-30 12:58:09
Recent Activities - Battleknight,https://forum.battleknight.gameforge.com/recent-activity-list/,Recent Activities - Battleknight,https://gameforge.com/,1w,2024-10-30 12:58:09
Contiamo! - Page 533 - Off Topic,https://forum.ikariam.gameforge.com/forum/thread/1337-contiamo/?postID=1229472,Contiamo! - Page 533 - Off Topic,https://gameforge.com/,1w,2024-10-30 12:58:09
Κουπόνια ΔΝ - Προσφορές Item Shop,https://board.gr.metin2.gameforge.com/index.php?thread/52960-%CE%BA%CE%BF%CF%85%CF%80%CF%8C%CE%BD%CE%B9%CE%B1-%CE%B4%CE%BD/,Κουπόνια ΔΝ - Προσφορές Item Shop,https://gameforge.com/,1w,2024-10-30 12:58:09
Contiamo! - Page 533 - Off Topic,https://forum.ikariam.gameforge.com/forum/thread/1337-contiamo/?postID=1229507,Contiamo! - Page 533 - Off Topic,https://gameforge.com/,1w,2024-10-30 12:58:09
Options Interface - Localization Feedback,https://board.tr.metin2.gameforge.com/index.php?thread/626524-options-interface/,Options Interface - Localization Feedback,https://gameforge.com/,1w,2024-10-30 12:58:09
SungMa Invasion - Fragen und Hilfe im Spiel,https://board.de.metin2.gameforge.com/index.php?thread/131696-sungma-invasion/,SungMa Invasion - Fragen und Hilfe im Spiel,https://gameforge.com/,1w,2024-10-30 12:58:09
Shopupdate 30.10.2024 - Maintenance & Mise à jour,https://forum.elsword.gameforge.com/forum/thread/27003-shopupdate-30-10-2024/,Shopupdate 30.10.2024 - Maintenance & Mise à jour,https://gameforge.com/,1w,2024-10-30 12:58:09
29 Ekim Cumhuriyet Bayramı - Haberler ve Duyurular,https://forum.gladiatus.gameforge.com/forum/thread/12037-29-ekim-cumhuriyet-bayram%C4%B1/,29 Ekim Cumhuriyet Bayramı - Haberler ve Duyurular,https://gameforge.com/,1w,2024-10-30 12:58:09
TF abbauen - Fragen zum Spiel - OGame DE,https://board.de.ogame.gameforge.com/index.php?thread/219287-tf-abbauen/,TF abbauen - Fragen zum Spiel - OGame DE,https://gameforge.com/,1w,2024-10-30 12:58:09
Contiamo! - Page 531 - Off Topic,https://forum.ikariam.gameforge.com/forum/thread/1337-contiamo/?postID=1229287,Contiamo! - Page 531 - Off Topic,https://gameforge.com/,1w,2024-10-30 12:58:09
Ruota Libertà,https://gameforge.com/it_IT/play/nostale/news/251175e2-4c19-43c7-8c6d-b064e0242f94,Ruota Libertà,https://gameforge.com/,1w,2024-10-30 12:58:09
ZeroSette - Members,https://forum.ikariam.gameforge.com/user/28322-zerosette/,ZeroSette - Members,https://gameforge.com/,1w,2024-10-30 12:58:09
HOS WHALES - Zone RC - OGame France,https://board.fr.ogame.gameforge.com/index.php?thread/755764-hos-whales/,HOS WHALES - Zone RC - OGame France,https://gameforge.com/,1w,2024-10-30 12:58:09
Contiamo! - Page 531 - Off Topic,https://forum.ikariam.gameforge.com/forum/thread/1337-contiamo/?postID=1229307,Contiamo! - Page 531 - Off Topic,https://gameforge.com/,1w,2024-10-30 12:58:09
Contiamo! - Page 531 - Off Topic,https://forum.ikariam.gameforge.com/forum/thread/1337-contiamo/?postID=1229286,Contiamo! - Page 531 - Off Topic,https://gameforge.com/,1w,2024-10-30 12:58:09
Recent Activities,https://forum.aion.gameforge.com/recent-activity-list/,Recent Activities,https://gameforge.com/,1w,2024-10-30 12:58:09
Hızlı İndirimler! - Nesne Market,https://board.tr.metin2.gameforge.com/index.php?thread/626490-h%C4%B1zl%C4%B1-indirimler/,Hızlı İndirimler! - Nesne Market,https://gameforge.com/,1w,2024-10-30 12:58:09
Shopupdate 30.10.2024 - Nowości w Elios - Elsword Europe,https://forum.elsword.gameforge.com/forum/thread/27001-shopupdate-30-10-2024/,Shopupdate 30.10.2024 - Nowości w Elios - Elsword Europe,https://gameforge.com/,1w,2024-10-30 12:58:09
Recent Activities,https://forum.nostale.gameforge.com/recent-activity-list/,Recent Activities,https://gameforge.com/,1w,2024-10-30 12:58:09
gunner357308 - Members,https://forum.ikariam.gameforge.com/user/28301-gunner357308/,gunner357308 - Members,https://gameforge.com/,1w,2024-10-30 12:58:09
Lenabuci - Members,https://forum.ikariam.gameforge.com/user/28293-lenabuci/,Lenabuci - Members,https://gameforge.com/,1w,2024-10-30 12:58:09
Dumbolf - Golf Games,https://www.miniplay.com/game/dumbolf,Dumbolf - Golf Games,https://www.miniplay.com/,1w,2024-10-30 13:30:53
Zomber,https://www.miniplay.com/game/zomber,Zomber,https://www.miniplay.com/,1w,2024-10-30 13:30:53
MOFRO free online game on Miniplay.com,https://www.miniplay.com/game/mofro,MOFRO free online game on Miniplay.com,https://www.miniplay.com/,1w,2024-10-30 13:30:53
DORDLE free online game on Miniplay.com,https://www.miniplay.com/game/dordle,DORDLE free online game on Miniplay.com,https://www.miniplay.com/,1w,2024-10-30 13:30:53
GRANNY free online game on Miniplay.com,https://www.miniplay.com/game/granny,GRANNY free online game on Miniplay.com,https://www.miniplay.com/,1w,2024-10-30 13:30:53
Colojon,https://www.miniplay.com/game/colojon,Colojon,https://www.miniplay.com/,1w,2024-10-30 13:30:53
Westerado,https://www.miniplay.com/game/westerado,Westerado,https://www.miniplay.com/,1w,2024-10-30 13:30:53
PUKI free online game on Miniplay.com,https://www.miniplay.com/game/puki,PUKI free online game on Miniplay.com,https://www.miniplay.com/,1w,2024-10-30 13:30:53
UNSTOPPABLE free online game on Miniplay.com,https://www.miniplay.com/game/imparable,UNSTOPPABLE free online game on Miniplay.com,https://www.miniplay.com/,1w,2024-10-30 13:30:53
Obama Inkagames Rescue - Adventure Games,https://www.miniplay.com/game/obama_inkagames_rescue,Obama Inkagames Rescue - Adventure Games,https://www.miniplay.com/,1w,2024-10-30 13:30:53
Boxhead,https://www.miniplay.com/game/boxhead,Boxhead,https://www.miniplay.com/,1w,2024-10-30 13:30:53
HAM free online game on Miniplay.com,https://www.miniplay.com/game/ham,HAM free online game on Miniplay.com,https://www.miniplay.com/,1w,2024-10-30 13:30:53
TRAMPOLINE free online game on Miniplay.com,https://www.miniplay.com/game/trampoline,TRAMPOLINE free online game on Miniplay.com,https://www.miniplay.com/,1w,2024-10-30 13:30:53
DROPPY :) free online game on Miniplay.com,https://www.miniplay.com/game/droppy-,DROPPY :) free online game on Miniplay.com,https://www.miniplay.com/,1w,2024-10-30 13:30:53
Causality,https://www.miniplay.com/game/causality,Causality,https://www.miniplay.com/,1w,2024-10-30 13:30:53
SANDCASTLE free online game on Miniplay.com,https://www.miniplay.com/game/sandcastle,SANDCASTLE free online game on Miniplay.com,https://www.miniplay.com/,1w,2024-10-30 13:30:53
Wolfminator,https://www.miniplay.com/game/wolfminator,Wolfminator,https://www.miniplay.com/,1w,2024-10-30 13:30:53
MIMELET free online game on Miniplay.com,https://www.miniplay.com/game/mimelet,MIMELET free online game on Miniplay.com,https://www.miniplay.com/,1w,2024-10-30 13:30:53
TRANSYLMANIA free online game on Miniplay.com,https://www.miniplay.com/game/transylmania,TRANSYLMANIA free online game on Miniplay.com,https://www.miniplay.com/,1w,2024-10-30 13:30:53
Pirateers!,https://www.miniplay.com/game/pirateers,Pirateers!,https://www.miniplay.com/,1w,2024-10-30 13:30:53
Junkbot - Lego Games,https://www.miniplay.com/game/junkbot,Junkbot - Lego Games,https://www.miniplay.com/,1w,2024-10-30 13:30:53
Cruiser,https://www.miniplay.com/game/cruiser,Cruiser,https://www.miniplay.com/,1w,2024-10-30 13:30:53
WEAPON free online game on Miniplay.com,https://www.miniplay.com/game/weapon,WEAPON free online game on Miniplay.com,https://www.miniplay.com/,1w,2024-10-30 13:30:53
ZOMBOTRON free online game on Miniplay.com,https://www.miniplay.com/game/zombotron,ZOMBOTRON free online game on Miniplay.com,https://www.miniplay.com/,1w,2024-10-30 13:30:53
HAMBO free online game on Miniplay.com,https://www.miniplay.com/game/hambo,HAMBO free online game on Miniplay.com,https://www.miniplay.com/,1w,2024-10-30 13:30:53
Zooplop (Suika Game),https://www.miniplay.com/game/zooplop,Zooplop (Suika Game),https://www.miniplay.com/,1w,2024-10-30 13:30:53
BLOXORZ free online game on Miniplay.com,https://www.miniplay.com/game/bloxorz,BLOXORZ free online game on Miniplay.com,https://www.miniplay.com/,1w,2024-10-30 13:30:53
Colorzzle,https://www.miniplay.com/game/colorzzle,Colorzzle,https://www.miniplay.com/,1w,2024-10-30 13:30:53
Moonshadow - Spy Games,https://www.miniplay.com/game/moonshadow,Moonshadow - Spy Games,https://www.miniplay.com/,1w,2024-10-30 13:30:53
2099 free online game on Miniplay.com,https://www.miniplay.com/game/2099,2099 free online game on Miniplay.com,https://www.miniplay.com/,1w,2024-10-30 13:30:53
Lonewolf,https://www.miniplay.com/game/lonewolf,Lonewolf,https://www.miniplay.com/,1w,2024-10-30 13:30:53
Encerrada - Adventure Games,https://www.miniplay.com/game/encerrada,Encerrada - Adventure Games,https://www.miniplay.com/,1w,2024-10-30 13:30:53
Miocraft,https://www.miniplay.com/game/miocraft,Miocraft,https://www.miniplay.com/,1w,2024-10-30 13:30:53
TOWNTOPIA free online game on Miniplay.com,https://www.miniplay.com/game/towntopia,TOWNTOPIA free online game on Miniplay.com,https://www.miniplay.com/,1w,2024-10-30 13:30:53
Emit - Skill Games,https://www.miniplay.com/game/emit,Emit - Skill Games,https://www.miniplay.com/,1w,2024-10-30 13:30:53
SWOOP free online game on Miniplay.com,https://www.miniplay.com/game/swoop,SWOOP free online game on Miniplay.com,https://www.miniplay.com/,1w,2024-10-30 13:30:53
Gray,https://www.miniplay.com/game/gray,Gray,https://www.miniplay.com/,1w,2024-10-30 13:30:53
POW free online game on Miniplay.com,https://www.miniplay.com/game/pow,POW free online game on Miniplay.com,https://www.miniplay.com/,1w,2024-10-30 13:30:53
DELIRIUM free online game on Miniplay.com,https://www.miniplay.com/game/delirium,DELIRIUM free online game on Miniplay.com,https://www.miniplay.com/,1w,2024-10-30 13:30:53
Aquablitz,https://www.miniplay.com/game/aquablitz,Aquablitz,https://www.miniplay.com/,1w,2024-10-30 13:30:53
HITMASTERS free online game on Miniplay.com,https://www.miniplay.com/game/hitmasters,HITMASTERS free online game on Miniplay.com,https://www.miniplay.com/,1w,2024-10-30 13:30:53
ZOMBIEMAN free online game on Miniplay.com,https://www.miniplay.com/game/zombieman,ZOMBIEMAN free online game on Miniplay.com,https://www.miniplay.com/,1w,2024-10-30 13:30:53
REIGNS free online game on Miniplay.com,https://www.miniplay.com/game/reigns,REIGNS free online game on Miniplay.com,https://www.miniplay.com/,1w,2024-10-30 13:30:53
KAWAIRUN free online game on Miniplay.com,https://www.miniplay.com/game/kawairun,KAWAIRUN free online game on Miniplay.com,https://www.miniplay.com/,1w,2024-10-30 13:30:53
Parassault - Skill Games,https://www.miniplay.com/game/parassault,Parassault - Skill Games,https://www.miniplay.com/,1w,2024-10-30 13:30:53
Girlspace! - Skill Games,https://www.miniplay.com/game/girlspace,Girlspace! - Skill Games,https://www.miniplay.com/,1w,2024-10-30 13:30:53
Icycle,https://www.miniplay.com/game/icycle,Icycle,https://www.miniplay.com/,1w,2024-10-30 13:30:53
MOMO free online game on Miniplay.com,https://www.miniplay.com/game/momo,MOMO free online game on Miniplay.com,https://www.miniplay.com/,1w,2024-10-30 13:30:53
MAZEAN free online game on Miniplay.com,https://www.miniplay.com/game/mazean,MAZEAN free online game on Miniplay.com,https://www.miniplay.com/,1w,2024-10-30 13:30:53
Weirdville,https://www.miniplay.com/game/weirdville,Weirdville,https://www.miniplay.com/,1w,2024-10-30 13:30:53
HORSE free online game on Miniplay.com,https://www.miniplay.com/game/horse,HORSE free online game on Miniplay.com,https://www.miniplay.com/,1w,2024-10-30 13:30:53
BLUESHIFT free online game on Miniplay.com,https://www.miniplay.com/game/blueshift,BLUESHIFT free online game on Miniplay.com,https://www.miniplay.com/,1w,2024-10-30 13:30:53
Mazecraft,https://www.miniplay.com/game/mazecraft,Mazecraft,https://www.miniplay.com/,1w,2024-10-30 13:30:53
MONSTERCRAFT free online game on Miniplay.com,https://www.miniplay.com/game/monstercraft,MONSTERCRAFT free online game on Miniplay.com,https://www.miniplay.com/,1w,2024-10-30 13:30:53
BATTLEFIELD free online game on Miniplay.com,https://www.miniplay.com/game/battlefield,BATTLEFIELD free online game on Miniplay.com,https://www.miniplay.com/,1w,2024-10-30 13:30:53
VARMINTZ free online game on Miniplay.com,https://www.miniplay.com/game/varmintz,VARMINTZ free online game on Miniplay.com,https://www.miniplay.com/,1w,2024-10-30 13:30:53
DOBBLE free online game on Miniplay.com,https://www.miniplay.com/game/dobble,DOBBLE free online game on Miniplay.com,https://www.miniplay.com/,1w,2024-10-30 13:30:53
GYROBALL free online game on Miniplay.com,https://www.miniplay.com/game/gyroball,GYROBALL free online game on Miniplay.com,https://www.miniplay.com/,1w,2024-10-30 13:30:53
DECIMATED free online game on Miniplay.com,https://www.miniplay.com/game/decimated,DECIMATED free online game on Miniplay.com,https://www.miniplay.com/,1w,2024-10-30 13:30:53
INTERLAND free online game on Miniplay.com,https://www.miniplay.com/game/interland,INTERLAND free online game on Miniplay.com,https://www.miniplay.com/,1w,2024-10-30 13:30:53
PENGAPOP free online game on Miniplay.com,https://www.miniplay.com/game/pengapop,PENGAPOP free online game on Miniplay.com,https://www.miniplay.com/,1w,2024-10-30 13:30:53
ISKETCH free online game on Miniplay.com,https://www.miniplay.com/game/isketch,ISKETCH free online game on Miniplay.com,https://www.miniplay.com/,1w,2024-10-30 13:30:53
FROGOUT free online game on Miniplay.com,https://www.miniplay.com/game/frogout,FROGOUT free online game on Miniplay.com,https://www.miniplay.com/,1w,2024-10-30 13:30:53
SUPERMECHS free online game on Miniplay.com,https://www.miniplay.com/game/supermechs,SUPERMECHS free online game on Miniplay.com,https://www.miniplay.com/,1w,2024-10-30 13:30:53
ACHILLES free online game on Miniplay.com,https://www.miniplay.com/game/achilles,ACHILLES free online game on Miniplay.com,https://www.miniplay.com/,1w,2024-10-30 13:30:53
CONQUISTADOR free online game on Miniplay.com,https://www.miniplay.com/game/conquistador,CONQUISTADOR free online game on Miniplay.com,https://www.miniplay.com/,1w,2024-10-30 13:30:53
SANDWICH! free online game on Miniplay.com,https://www.miniplay.com/game/sandwich,SANDWICH! free online game on Miniplay.com,https://www.miniplay.com/,1w,2024-10-30 13:30:53
Ghostscape - Escape Games,https://www.miniplay.com/game/ghostscape,Ghostscape - Escape Games,https://www.miniplay.com/,1w,2024-10-30 13:30:53
MOOO! free online game on Miniplay.com,https://www.miniplay.com/game/mooo,MOOO! free online game on Miniplay.com,https://www.miniplay.com/,1w,2024-10-30 13:30:53
Civiballs,https://www.miniplay.com/game/civiballs,Civiballs,https://www.miniplay.com/,1w,2024-10-30 13:30:53
BOWMASTERS free online game on Miniplay.com,https://www.miniplay.com/game/bowmasters,BOWMASTERS free online game on Miniplay.com,https://www.miniplay.com/,1w,2024-10-30 13:30:53
BOUNCEMASTERS free online game on Miniplay.com,https://www.miniplay.com/game/bouncemasters,BOUNCEMASTERS free online game on Miniplay.com,https://www.miniplay.com/,1w,2024-10-30 13:30:53
Intrusion,https://www.miniplay.com/game/intrusion,Intrusion,https://www.miniplay.com/,1w,2024-10-30 13:30:53
DREAMS free online game on Miniplay.com,https://www.miniplay.com/game/dreams,DREAMS free online game on Miniplay.com,https://www.miniplay.com/,1w,2024-10-30 13:30:53
WIGGLE free online game on Miniplay.com,https://www.miniplay.com/game/wiggle,WIGGLE free online game on Miniplay.com,https://www.miniplay.com/,1w,2024-10-30 13:30:53
Pumpkin,https://www.miniplay.com/game/pumpkin,Pumpkin,https://www.miniplay.com/,1w,2024-10-30 13:30:53
BATTLEGROUNDS free online game on Miniplay.com,https://www.miniplay.com/game/battlegrounds,BATTLEGROUNDS free online game on Miniplay.com,https://www.miniplay.com/,1w,2024-10-30 13:30:53
CLOP free online game on Miniplay.com,https://www.miniplay.com/game/clop,CLOP free online game on Miniplay.com,https://www.miniplay.com/,1w,2024-10-30 13:30:53
GregManiacs,https://www.miniplay.com/game/gregmaniacs,GregManiacs,https://www.miniplay.com/,1w,2024-10-30 13:30:53
PAWS free online game on Miniplay.com,https://www.miniplay.com/game/paws,PAWS free online game on Miniplay.com,https://www.miniplay.com/,1w,2024-10-30 13:30:53
Hellcopter,https://www.miniplay.com/game/hellcopter,Hellcopter,https://www.miniplay.com/,1w,2024-10-30 13:30:53
MIMI free online game on Miniplay.com,https://www.miniplay.com/game/mimi,MIMI free online game on Miniplay.com,https://www.miniplay.com/,1w,2024-10-30 13:30:53
ZTYPE free online game on Miniplay.com,https://www.miniplay.com/game/ztype,ZTYPE free online game on Miniplay.com,https://www.miniplay.com/,1w,2024-10-30 13:30:53
HANGER free online game on Miniplay.com,https://www.miniplay.com/game/hanger,HANGER free online game on Miniplay.com,https://www.miniplay.com/,1w,2024-10-30 13:30:53
WereBox,https://www.miniplay.com/game/werebox,WereBox,https://www.miniplay.com/,1w,2024-10-30 13:30:53
ZUMA free online game on Miniplay.com,https://www.miniplay.com/game/zuma,ZUMA free online game on Miniplay.com,https://www.miniplay.com/,1w,2024-10-30 13:30:53
ALIENS free online game on Miniplay.com,https://www.miniplay.com/game/aliens,ALIENS free online game on Miniplay.com,https://www.miniplay.com/,1w,2024-10-30 13:30:53
CraftMine,https://www.miniplay.com/game/craftmine,CraftMine,https://www.miniplay.com/,1w,2024-10-30 13:30:53
Frozenventure,https://www.miniplay.com/game/frozenventure,Frozenventure,https://www.miniplay.com/,1w,2024-10-30 13:30:53
River Game,https://www.miniplay.com/game/river-game,River Game,https://www.miniplay.com/,1w,2024-10-30 13:30:53
Starship Eleven,https://www.miniplay.com/game/starship-eleven,Starship Eleven,https://www.miniplay.com/,1w,2024-10-30 13:30:53
GUMBALL PAINTBALL free online game on Miniplay.com,https://www.miniplay.com/game/gumball-paintball,GUMBALL PAINTBALL free online game on Miniplay.com,https://www.miniplay.com/,1w,2024-10-30 13:30:53
Flash's Bounty,https://www.miniplay.com/game/flashs-bounty,Flash's Bounty,https://www.miniplay.com/,1w,2024-10-30 13:30:53
Jungle Jiggy,https://www.miniplay.com/game/jungle-jiggy,Jungle Jiggy,https://www.miniplay.com/,1w,2024-10-30 13:30:53
Dynamite Train,https://www.miniplay.com/game/dynamite-train,Dynamite Train,https://www.miniplay.com/,1w,2024-10-30 13:30:53
Endless War,https://www.miniplay.com/game/endless-war,Endless War,https://www.miniplay.com/,1w,2024-10-30 13:30:53
Canyon Defence,https://www.miniplay.com/game/canyon-defence,Canyon Defence,https://www.miniplay.com/,1w,2024-10-30 13:30:53
Bomber XXL,https://www.miniplay.com/game/bomber-xxl,Bomber XXL,https://www.miniplay.com/,1w,2024-10-30 13:30:53
Rabbit Surgery,https://www.miniplay.com/game/rabbit-surgery,Rabbit Surgery,https://www.miniplay.com/,1w,2024-10-30 13:30:53
Robot Dinosaurs,https://www.miniplay.com/game/robot-dinosaurs,Robot Dinosaurs,https://www.miniplay.com/,1w,2024-10-30 13:30:53
